filename,fold,target,category,esc10,src_file,take
2025-03-19_Test_coupon_2.wav,1,1,anomalous,False,unknown,-1
Cross_p6cycle_103.wav,2,1,anomalous,False,unknown,103
Cross_p6cycle_105.wav,3,1,anomalous,False,unknown,105
Cross_p6cycle_107.wav,4,1,anomalous,False,unknown,107
Cross_p6cycle_109.wav,5,1,anomalous,False,unknown,109
Cross_s1_p1cycle_086.wav,1,1,anomalous,False,unknown,86
Cross_s1_p1cycle_178.wav,2,1,anomalous,False,unknown,178
Cross_s1_p3cycle_075.wav,3,1,anomalous,False,unknown,75
Cross_s1_p3cycle_095.wav,4,1,anomalous,False,unknown,95
Cross_s1_p3cycle_109.wav,5,1,anomalous,False,unknown,109
Cross_s1_p3cycle_181.wav,1,1,anomalous,False,unknown,181
Cross_s1_p3cycle_185.wav,2,1,anomalous,False,unknown,185
Cross_s1_p3cycle_187.wav,3,1,anomalous,False,unknown,187
Cross_s1_p3cycle_336.wav,4,1,anomalous,False,unknown,336
Cross_s1_p3cycle_348.wav,5,1,anomalous,False,unknown,348
Cross_s1_p3cycle_356.wav,1,1,anomalous,False,unknown,356
Cross_s1_p3cycle_382.wav,2,1,anomalous,False,unknown,382
Cross_s1_p_uppercycle_220.wav,3,1,anomalous,False,unknown,220
P5_6_2S1JoiningH1000_cycle_465.wav,4,1,anomalous,False,6_2S1JoiningH1000,465
cross_p7s1_cycle_044.wav,5,1,anomalous,False,unknown,44
cross_p7s1_cycle_593.wav,1,1,anomalous,False,unknown,593
l6s9.95s10.1_P2S2Girders2H2300_cycle_172.wav,2,1,anomalous,False,P2S2Girders2H2300,172
min_max_testcycle_005.wav,3,1,anomalous,False,unknown,5
2025-03-19_Test_coupon_2_augmented_1.wav,4,1,anomalous,False,unknown,-1
2025-03-19_Test_coupon_2_augmented_2.wav,5,1,anomalous,False,unknown,-1
2025-03-19_Test_coupon_2_augmented_3.wav,1,1,anomalous,False,unknown,-1
2025-03-19_Test_coupon_2_augmented_4.wav,2,1,anomalous,False,unknown,-1
Cross_p6cycle_103_augmented_1.wav,3,1,anomalous,False,unknown,-1
Cross_p6cycle_103_augmented_2.wav,4,1,anomalous,False,unknown,-1
Cross_p6cycle_103_augmented_3.wav,5,1,anomalous,False,unknown,-1
Cross_p6cycle_103_augmented_4.wav,1,1,anomalous,False,unknown,-1
Cross_p6cycle_105_augmented_1.wav,2,1,anomalous,False,unknown,-1
Cross_p6cycle_105_augmented_2.wav,3,1,anomalous,False,unknown,-1
Cross_p6cycle_105_augmented_3.wav,4,1,anomalous,False,unknown,-1
Cross_p6cycle_105_augmented_4.wav,5,1,anomalous,False,unknown,-1
Cross_p6cycle_107_augmented_1.wav,1,1,anomalous,False,unknown,-1
Cross_p6cycle_107_augmented_2.wav,2,1,anomalous,False,unknown,-1
Cross_p6cycle_107_augmented_3.wav,3,1,anomalous,False,unknown,-1
Cross_p6cycle_107_augmented_4.wav,4,1,anomalous,False,unknown,-1
Cross_p6cycle_109_augmented_1.wav,5,1,anomalous,False,unknown,-1
Cross_p6cycle_109_augmented_2.wav,1,1,anomalous,False,unknown,-1
Cross_p6cycle_109_augmented_3.wav,2,1,anomalous,False,unknown,-1
Cross_p6cycle_109_augmented_4.wav,3,1,anomalous,False,unknown,-1
Cross_s1_p1cycle_086_augmented_1.wav,4,1,anomalous,False,unknown,-1
Cross_s1_p1cycle_086_augmented_2.wav,5,1,anomalous,False,unknown,-1
Cross_s1_p1cycle_086_augmented_3.wav,1,1,anomalous,False,unknown,-1
Cross_s1_p1cycle_086_augmented_4.wav,2,1,anomalous,False,unknown,-1
Cross_s1_p1cycle_178_augmented_1.wav,3,1,anomalous,False,unknown,-1
Cross_s1_p1cycle_178_augmented_2.wav,4,1,anomalous,False,unknown,-1
Cross_s1_p1cycle_178_augmented_3.wav,5,1,anomalous,False,unknown,-1
Cross_s1_p1cycle_178_augmented_4.wav,1,1,anomalous,False,unknown,-1
Cross_s1_p3cycle_075_augmented_1.wav,2,1,anomalous,False,unknown,-1
Cross_s1_p3cycle_075_augmented_2.wav,3,1,anomalous,False,unknown,-1
Cross_s1_p3cycle_075_augmented_3.wav,4,1,anomalous,False,unknown,-1
Cross_s1_p3cycle_075_augmented_4.wav,5,1,anomalous,False,unknown,-1
Cross_s1_p3cycle_095_augmented_1.wav,1,1,anomalous,False,unknown,-1
Cross_s1_p3cycle_095_augmented_2.wav,2,1,anomalous,False,unknown,-1
Cross_s1_p3cycle_095_augmented_3.wav,3,1,anomalous,False,unknown,-1
Cross_s1_p3cycle_095_augmented_4.wav,4,1,anomalous,False,unknown,-1
Cross_s1_p3cycle_109_augmented_1.wav,5,1,anomalous,False,unknown,-1
Cross_s1_p3cycle_109_augmented_2.wav,1,1,anomalous,False,unknown,-1
Cross_s1_p3cycle_109_augmented_3.wav,2,1,anomalous,False,unknown,-1
Cross_s1_p3cycle_109_augmented_4.wav,3,1,anomalous,False,unknown,-1
Cross_s1_p3cycle_181_augmented_1.wav,4,1,anomalous,False,unknown,-1
Cross_s1_p3cycle_181_augmented_2.wav,5,1,anomalous,False,unknown,-1
Cross_s1_p3cycle_181_augmented_3.wav,1,1,anomalous,False,unknown,-1
Cross_s1_p3cycle_181_augmented_4.wav,2,1,anomalous,False,unknown,-1
Cross_s1_p3cycle_185_augmented_1.wav,3,1,anomalous,False,unknown,-1
Cross_s1_p3cycle_185_augmented_2.wav,4,1,anomalous,False,unknown,-1
Cross_s1_p3cycle_185_augmented_3.wav,5,1,anomalous,False,unknown,-1
Cross_s1_p3cycle_185_augmented_4.wav,1,1,anomalous,False,unknown,-1
Cross_s1_p3cycle_187_augmented_1.wav,2,1,anomalous,False,unknown,-1
Cross_s1_p3cycle_187_augmented_2.wav,3,1,anomalous,False,unknown,-1
Cross_s1_p3cycle_187_augmented_3.wav,4,1,anomalous,False,unknown,-1
Cross_s1_p3cycle_187_augmented_4.wav,5,1,anomalous,False,unknown,-1
Cross_s1_p3cycle_336_augmented_1.wav,1,1,anomalous,False,unknown,-1
Cross_s1_p3cycle_336_augmented_2.wav,2,1,anomalous,False,unknown,-1
Cross_s1_p3cycle_336_augmented_3.wav,3,1,anomalous,False,unknown,-1
Cross_s1_p3cycle_336_augmented_4.wav,4,1,anomalous,False,unknown,-1
Cross_s1_p3cycle_348_augmented_1.wav,5,1,anomalous,False,unknown,-1
Cross_s1_p3cycle_348_augmented_2.wav,1,1,anomalous,False,unknown,-1
Cross_s1_p3cycle_348_augmented_3.wav,2,1,anomalous,False,unknown,-1
Cross_s1_p3cycle_348_augmented_4.wav,3,1,anomalous,False,unknown,-1
Cross_s1_p3cycle_356_augmented_1.wav,4,1,anomalous,False,unknown,-1
Cross_s1_p3cycle_356_augmented_2.wav,5,1,anomalous,False,unknown,-1
Cross_s1_p3cycle_356_augmented_3.wav,1,1,anomalous,False,unknown,-1
Cross_s1_p3cycle_356_augmented_4.wav,2,1,anomalous,False,unknown,-1
Cross_s1_p3cycle_382_augmented_1.wav,3,1,anomalous,False,unknown,-1
Cross_s1_p3cycle_382_augmented_2.wav,4,1,anomalous,False,unknown,-1
Cross_s1_p3cycle_382_augmented_3.wav,5,1,anomalous,False,unknown,-1
Cross_s1_p3cycle_382_augmented_4.wav,1,1,anomalous,False,unknown,-1
Cross_s1_p_uppercycle_220_augmented_1.wav,2,1,anomalous,False,unknown,-1
Cross_s1_p_uppercycle_220_augmented_2.wav,3,1,anomalous,False,unknown,-1
Cross_s1_p_uppercycle_220_augmented_3.wav,4,1,anomalous,False,unknown,-1
Cross_s1_p_uppercycle_220_augmented_4.wav,5,1,anomalous,False,unknown,-1
P5_6_2S1JoiningH1000_cycle_465_augmented_1.wav,1,1,anomalous,False,unknown,-1
P5_6_2S1JoiningH1000_cycle_465_augmented_2.wav,2,1,anomalous,False,unknown,-1
P5_6_2S1JoiningH1000_cycle_465_augmented_3.wav,3,1,anomalous,False,unknown,-1
P5_6_2S1JoiningH1000_cycle_465_augmented_4.wav,4,1,anomalous,False,unknown,-1
cross_p7s1_cycle_044_augmented_1.wav,5,1,anomalous,False,unknown,-1
cross_p7s1_cycle_044_augmented_2.wav,1,1,anomalous,False,unknown,-1
cross_p7s1_cycle_044_augmented_3.wav,2,1,anomalous,False,unknown,-1
cross_p7s1_cycle_044_augmented_4.wav,3,1,anomalous,False,unknown,-1
cross_p7s1_cycle_593_augmented_1.wav,4,1,anomalous,False,unknown,-1
cross_p7s1_cycle_593_augmented_2.wav,5,1,anomalous,False,unknown,-1
cross_p7s1_cycle_593_augmented_3.wav,1,1,anomalous,False,unknown,-1
cross_p7s1_cycle_593_augmented_4.wav,2,1,anomalous,False,unknown,-1
l6s9.95s10.1_P2S2Girders2H2300_cycle_172_augmented_1.wav,3,1,anomalous,False,unknown,-1
l6s9.95s10.1_P2S2Girders2H2300_cycle_172_augmented_2.wav,4,1,anomalous,False,unknown,-1
l6s9.95s10.1_P2S2Girders2H2300_cycle_172_augmented_3.wav,5,1,anomalous,False,unknown,-1
l6s9.95s10.1_P2S2Girders2H2300_cycle_172_augmented_4.wav,1,1,anomalous,False,unknown,-1
min_max_testcycle_005_augmented_1.wav,2,1,anomalous,False,unknown,-1
min_max_testcycle_005_augmented_2.wav,3,1,anomalous,False,unknown,-1
min_max_testcycle_005_augmented_3.wav,4,1,anomalous,False,unknown,-1
min_max_testcycle_005_augmented_4.wav,5,1,anomalous,False,unknown,-1
cross_p7s1_cycle_004.wav,1,0,normal,False,unknown,4
cross_p7s1_cycle_006.wav,2,0,normal,False,unknown,6
cross_p7s1_cycle_008.wav,3,0,normal,False,unknown,8
cross_p7s1_cycle_010.wav,4,0,normal,False,unknown,10
cross_p7s1_cycle_012.wav,5,0,normal,False,unknown,12
cross_p7s1_cycle_014.wav,1,0,normal,False,unknown,14
cross_p7s1_cycle_016.wav,2,0,normal,False,unknown,16
cross_p7s1_cycle_018.wav,3,0,normal,False,unknown,18
cross_p7s1_cycle_020.wav,4,0,normal,False,unknown,20
cross_p7s1_cycle_022.wav,5,0,normal,False,unknown,22
cross_p7s1_cycle_024.wav,1,0,normal,False,unknown,24
cross_p7s1_cycle_026.wav,2,0,normal,False,unknown,26
cross_p7s1_cycle_028.wav,3,0,normal,False,unknown,28
cross_p7s1_cycle_030.wav,4,0,normal,False,unknown,30
cross_p7s1_cycle_032.wav,5,0,normal,False,unknown,32
cross_p7s1_cycle_034.wav,1,0,normal,False,unknown,34
cross_p7s1_cycle_036.wav,2,0,normal,False,unknown,36
cross_p7s1_cycle_038.wav,3,0,normal,False,unknown,38
cross_p7s1_cycle_040.wav,4,0,normal,False,unknown,40
cross_p7s1_cycle_042.wav,5,0,normal,False,unknown,42
cross_p7s1_cycle_046.wav,1,0,normal,False,unknown,46
cross_p7s1_cycle_048.wav,2,0,normal,False,unknown,48
cross_p7s1_cycle_054.wav,4,0,normal,False,unknown,54
cross_p7s1_cycle_056.wav,5,0,normal,False,unknown,56
cross_p7s1_cycle_058.wav,1,0,normal,False,unknown,58
cross_p7s1_cycle_062.wav,2,0,normal,False,unknown,62
cross_p7s1_cycle_064.wav,3,0,normal,False,unknown,64
cross_p7s1_cycle_066.wav,4,0,normal,False,unknown,66
cross_p7s1_cycle_068.wav,5,0,normal,False,unknown,68
cross_p7s1_cycle_070.wav,1,0,normal,False,unknown,70
cross_p7s1_cycle_072.wav,2,0,normal,False,unknown,72
cross_p7s1_cycle_074.wav,3,0,normal,False,unknown,74
cross_p7s1_cycle_076.wav,4,0,normal,False,unknown,76
cross_p7s1_cycle_078.wav,5,0,normal,False,unknown,78
cross_p7s1_cycle_080.wav,1,0,normal,False,unknown,80
cross_p7s1_cycle_082.wav,2,0,normal,False,unknown,82
cross_p7s1_cycle_084.wav,3,0,normal,False,unknown,84
cross_p7s1_cycle_086.wav,4,0,normal,False,unknown,86
cross_p7s1_cycle_088.wav,5,0,normal,False,unknown,88
cross_p7s1_cycle_090.wav,1,0,normal,False,unknown,90
cross_p7s1_cycle_092.wav,2,0,normal,False,unknown,92
cross_p7s1_cycle_094.wav,3,0,normal,False,unknown,94
cross_p7s1_cycle_096.wav,4,0,normal,False,unknown,96
cross_p7s1_cycle_098.wav,5,0,normal,False,unknown,98
cross_p7s1_cycle_100.wav,1,0,normal,False,unknown,100
cross_p7s1_cycle_102.wav,2,0,normal,False,unknown,102
cross_p7s1_cycle_104.wav,3,0,normal,False,unknown,104
cross_p7s1_cycle_106.wav,4,0,normal,False,unknown,106
cross_p7s1_cycle_112.wav,5,0,normal,False,unknown,112
cross_p7s1_cycle_114.wav,1,0,normal,False,unknown,114
cross_p7s1_cycle_116.wav,2,0,normal,False,unknown,116
cross_p7s1_cycle_118.wav,3,0,normal,False,unknown,118
cross_p7s1_cycle_120.wav,4,0,normal,False,unknown,120
cross_p7s1_cycle_122.wav,5,0,normal,False,unknown,122
cross_p7s1_cycle_124.wav,1,0,normal,False,unknown,124
cross_p7s1_cycle_126.wav,2,0,normal,False,unknown,126
cross_p7s1_cycle_128.wav,3,0,normal,False,unknown,128
cross_p7s1_cycle_130.wav,4,0,normal,False,unknown,130
cross_p7s1_cycle_132.wav,5,0,normal,False,unknown,132
cross_p7s1_cycle_134.wav,1,0,normal,False,unknown,134
cross_p7s1_cycle_136.wav,2,0,normal,False,unknown,136
cross_p7s1_cycle_138.wav,3,0,normal,False,unknown,138
cross_p7s1_cycle_142.wav,4,0,normal,False,unknown,142
cross_p7s1_cycle_144.wav,5,0,normal,False,unknown,144
cross_p7s1_cycle_146.wav,1,0,normal,False,unknown,146
cross_p7s1_cycle_148.wav,2,0,normal,False,unknown,148
cross_p7s1_cycle_150.wav,3,0,normal,False,unknown,150
cross_p7s1_cycle_152.wav,4,0,normal,False,unknown,152
cross_p7s1_cycle_154.wav,5,0,normal,False,unknown,154
cross_p7s1_cycle_156.wav,1,0,normal,False,unknown,156
cross_p7s1_cycle_158.wav,2,0,normal,False,unknown,158
cross_p7s1_cycle_160.wav,3,0,normal,False,unknown,160
cross_p7s1_cycle_162.wav,4,0,normal,False,unknown,162
cross_p7s1_cycle_164.wav,5,0,normal,False,unknown,164
cross_p7s1_cycle_166.wav,1,0,normal,False,unknown,166
cross_p7s1_cycle_168.wav,2,0,normal,False,unknown,168
cross_p7s1_cycle_170.wav,3,0,normal,False,unknown,170
cross_p7s1_cycle_172.wav,4,0,normal,False,unknown,172
cross_p7s1_cycle_174.wav,5,0,normal,False,unknown,174
cross_p7s1_cycle_176.wav,1,0,normal,False,unknown,176
cross_p7s1_cycle_178.wav,2,0,normal,False,unknown,178
cross_p7s1_cycle_180.wav,3,0,normal,False,unknown,180
cross_p7s1_cycle_182.wav,4,0,normal,False,unknown,182
cross_p7s1_cycle_184.wav,5,0,normal,False,unknown,184
cross_p7s1_cycle_186.wav,1,0,normal,False,unknown,186
cross_p7s1_cycle_192.wav,2,0,normal,False,unknown,192
cross_p7s1_cycle_194.wav,3,0,normal,False,unknown,194
cross_p7s1_cycle_196.wav,4,0,normal,False,unknown,196
cross_p7s1_cycle_198.wav,5,0,normal,False,unknown,198
cross_p7s1_cycle_200.wav,1,0,normal,False,unknown,200
cross_p7s1_cycle_202.wav,2,0,normal,False,unknown,202
cross_p7s1_cycle_204.wav,3,0,normal,False,unknown,204
cross_p7s1_cycle_206.wav,4,0,normal,False,unknown,206
cross_p7s1_cycle_208.wav,5,0,normal,False,unknown,208
cross_p7s1_cycle_210.wav,1,0,normal,False,unknown,210
cross_p7s1_cycle_212.wav,2,0,normal,False,unknown,212
cross_p7s1_cycle_214.wav,3,0,normal,False,unknown,214
cross_p7s1_cycle_216.wav,4,0,normal,False,unknown,216
cross_p7s1_cycle_218.wav,5,0,normal,False,unknown,218
cross_p7s1_cycle_220.wav,1,0,normal,False,unknown,220
cross_p7s1_cycle_227.wav,2,0,normal,False,unknown,227
cross_p7s1_cycle_229.wav,3,0,normal,False,unknown,229
cross_p7s1_cycle_231.wav,4,0,normal,False,unknown,231
cross_p7s1_cycle_233.wav,5,0,normal,False,unknown,233
cross_p7s1_cycle_235.wav,1,0,normal,False,unknown,235
cross_p7s1_cycle_237.wav,2,0,normal,False,unknown,237
cross_p7s1_cycle_239.wav,3,0,normal,False,unknown,239
cross_p7s1_cycle_241.wav,4,0,normal,False,unknown,241
cross_p7s1_cycle_243.wav,5,0,normal,False,unknown,243
cross_p7s1_cycle_245.wav,1,0,normal,False,unknown,245
cross_p7s1_cycle_247.wav,2,0,normal,False,unknown,247
cross_p7s1_cycle_249.wav,3,0,normal,False,unknown,249
cross_p7s1_cycle_251.wav,4,0,normal,False,unknown,251
cross_p7s1_cycle_253.wav,5,0,normal,False,unknown,253
cross_p7s1_cycle_255.wav,1,0,normal,False,unknown,255
cross_p7s1_cycle_257.wav,2,0,normal,False,unknown,257
cross_p7s1_cycle_259.wav,3,0,normal,False,unknown,259
cross_p7s1_cycle_261.wav,4,0,normal,False,unknown,261
cross_p7s1_cycle_263.wav,5,0,normal,False,unknown,263
cross_p7s1_cycle_267.wav,1,0,normal,False,unknown,267
cross_p7s1_cycle_269.wav,2,0,normal,False,unknown,269
cross_p7s1_cycle_271.wav,3,0,normal,False,unknown,271
cross_p7s1_cycle_273.wav,4,0,normal,False,unknown,273
cross_p7s1_cycle_275.wav,5,0,normal,False,unknown,275
cross_p7s1_cycle_277.wav,1,0,normal,False,unknown,277
cross_p7s1_cycle_279.wav,2,0,normal,False,unknown,279
cross_p7s1_cycle_281.wav,3,0,normal,False,unknown,281
cross_p7s1_cycle_283.wav,4,0,normal,False,unknown,283
cross_p7s1_cycle_285.wav,5,0,normal,False,unknown,285
cross_p7s1_cycle_287.wav,1,0,normal,False,unknown,287
cross_p7s1_cycle_289.wav,2,0,normal,False,unknown,289
cross_p7s1_cycle_291.wav,3,0,normal,False,unknown,291
cross_p7s1_cycle_293.wav,4,0,normal,False,unknown,293
cross_p7s1_cycle_295.wav,5,0,normal,False,unknown,295
cross_p7s1_cycle_297.wav,1,0,normal,False,unknown,297
cross_p7s1_cycle_299.wav,2,0,normal,False,unknown,299
cross_p7s1_cycle_301.wav,3,0,normal,False,unknown,301
cross_p7s1_cycle_303.wav,4,0,normal,False,unknown,303
cross_p7s1_cycle_307.wav,5,0,normal,False,unknown,307
cross_p7s1_cycle_309.wav,1,0,normal,False,unknown,309
cross_p7s1_cycle_311.wav,2,0,normal,False,unknown,311
cross_p7s1_cycle_313.wav,3,0,normal,False,unknown,313
cross_p7s1_cycle_315.wav,4,0,normal,False,unknown,315
cross_p7s1_cycle_317.wav,5,0,normal,False,unknown,317
cross_p7s1_cycle_319.wav,1,0,normal,False,unknown,319
cross_p7s1_cycle_321.wav,2,0,normal,False,unknown,321
cross_p7s1_cycle_323.wav,3,0,normal,False,unknown,323
cross_p7s1_cycle_325.wav,4,0,normal,False,unknown,325
cross_p7s1_cycle_327.wav,5,0,normal,False,unknown,327
cross_p7s1_cycle_329.wav,1,0,normal,False,unknown,329
cross_p7s1_cycle_331.wav,2,0,normal,False,unknown,331
cross_p7s1_cycle_333.wav,3,0,normal,False,unknown,333
cross_p7s1_cycle_335.wav,4,0,normal,False,unknown,335
cross_p7s1_cycle_339.wav,5,0,normal,False,unknown,339
cross_p7s1_cycle_341.wav,1,0,normal,False,unknown,341
cross_p7s1_cycle_343.wav,2,0,normal,False,unknown,343
cross_p7s1_cycle_345.wav,3,0,normal,False,unknown,345
cross_p7s1_cycle_347.wav,4,0,normal,False,unknown,347
cross_p7s1_cycle_349.wav,5,0,normal,False,unknown,349
cross_p7s1_cycle_351.wav,1,0,normal,False,unknown,351
cross_p7s1_cycle_353.wav,2,0,normal,False,unknown,353
cross_p7s1_cycle_355.wav,3,0,normal,False,unknown,355
cross_p7s1_cycle_359.wav,4,0,normal,False,unknown,359
cross_p7s1_cycle_361.wav,5,0,normal,False,unknown,361
cross_p7s1_cycle_363.wav,1,0,normal,False,unknown,363
cross_p7s1_cycle_365.wav,2,0,normal,False,unknown,365
cross_p7s1_cycle_367.wav,3,0,normal,False,unknown,367
cross_p7s1_cycle_369.wav,4,0,normal,False,unknown,369
cross_p7s1_cycle_371.wav,5,0,normal,False,unknown,371
cross_p7s1_cycle_373.wav,1,0,normal,False,unknown,373
cross_p7s1_cycle_375.wav,2,0,normal,False,unknown,375
cross_p7s1_cycle_382.wav,4,0,normal,False,unknown,382
cross_p7s1_cycle_384.wav,5,0,normal,False,unknown,384
cross_p7s1_cycle_386.wav,1,0,normal,False,unknown,386
cross_p7s1_cycle_388.wav,2,0,normal,False,unknown,388
cross_p7s1_cycle_390.wav,3,0,normal,False,unknown,390
cross_p7s1_cycle_392.wav,4,0,normal,False,unknown,392
cross_p7s1_cycle_394.wav,5,0,normal,False,unknown,394
cross_p7s1_cycle_396.wav,1,0,normal,False,unknown,396
cross_p7s1_cycle_398.wav,2,0,normal,False,unknown,398
cross_p7s1_cycle_402.wav,3,0,normal,False,unknown,402
cross_p7s1_cycle_404.wav,4,0,normal,False,unknown,404
cross_p7s1_cycle_406.wav,5,0,normal,False,unknown,406
cross_p7s1_cycle_408.wav,1,0,normal,False,unknown,408
cross_p7s1_cycle_410.wav,2,0,normal,False,unknown,410
cross_p7s1_cycle_417.wav,3,0,normal,False,unknown,417
cross_p7s1_cycle_419.wav,4,0,normal,False,unknown,419
cross_p7s1_cycle_421.wav,5,0,normal,False,unknown,421
cross_p7s1_cycle_423.wav,1,0,normal,False,unknown,423
cross_p7s1_cycle_425.wav,2,0,normal,False,unknown,425
cross_p7s1_cycle_427.wav,3,0,normal,False,unknown,427
cross_p7s1_cycle_429.wav,4,0,normal,False,unknown,429
cross_p7s1_cycle_431.wav,5,0,normal,False,unknown,431
cross_p7s1_cycle_433.wav,1,0,normal,False,unknown,433
cross_p7s1_cycle_435.wav,2,0,normal,False,unknown,435
cross_p7s1_cycle_437.wav,3,0,normal,False,unknown,437
cross_p7s1_cycle_439.wav,4,0,normal,False,unknown,439
cross_p7s1_cycle_441.wav,5,0,normal,False,unknown,441
cross_p7s1_cycle_443.wav,1,0,normal,False,unknown,443
cross_p7s1_cycle_445.wav,2,0,normal,False,unknown,445
cross_p7s1_cycle_447.wav,3,0,normal,False,unknown,447
cross_p7s1_cycle_449.wav,4,0,normal,False,unknown,449
cross_p7s1_cycle_451.wav,5,0,normal,False,unknown,451
cross_p7s1_cycle_453.wav,1,0,normal,False,unknown,453
cross_p7s1_cycle_455.wav,2,0,normal,False,unknown,455
cross_p7s1_cycle_457.wav,3,0,normal,False,unknown,457
cross_p7s1_cycle_459.wav,4,0,normal,False,unknown,459
cross_p7s1_cycle_463.wav,5,0,normal,False,unknown,463
cross_p7s1_cycle_465.wav,1,0,normal,False,unknown,465
cross_p7s1_cycle_467.wav,2,0,normal,False,unknown,467
cross_p7s1_cycle_469.wav,3,0,normal,False,unknown,469
cross_p7s1_cycle_471.wav,4,0,normal,False,unknown,471
cross_p7s1_cycle_473.wav,5,0,normal,False,unknown,473
cross_p7s1_cycle_475.wav,1,0,normal,False,unknown,475
cross_p7s1_cycle_477.wav,2,0,normal,False,unknown,477
cross_p7s1_cycle_479.wav,3,0,normal,False,unknown,479
cross_p7s1_cycle_481.wav,4,0,normal,False,unknown,481
cross_p7s1_cycle_483.wav,5,0,normal,False,unknown,483
cross_p7s1_cycle_485.wav,1,0,normal,False,unknown,485
cross_p7s1_cycle_487.wav,2,0,normal,False,unknown,487
cross_p7s1_cycle_489.wav,3,0,normal,False,unknown,489
cross_p7s1_cycle_491.wav,4,0,normal,False,unknown,491
cross_p7s1_cycle_493.wav,5,0,normal,False,unknown,493
cross_p7s1_cycle_495.wav,1,0,normal,False,unknown,495
cross_p7s1_cycle_497.wav,2,0,normal,False,unknown,497
cross_p7s1_cycle_499.wav,3,0,normal,False,unknown,499
cross_p7s1_cycle_501.wav,4,0,normal,False,unknown,501
cross_p7s1_cycle_503.wav,5,0,normal,False,unknown,503
cross_p7s1_cycle_509.wav,2,0,normal,False,unknown,509
cross_p7s1_cycle_511.wav,3,0,normal,False,unknown,511
cross_p7s1_cycle_513.wav,4,0,normal,False,unknown,513
cross_p7s1_cycle_515.wav,5,0,normal,False,unknown,515
cross_p7s1_cycle_517.wav,1,0,normal,False,unknown,517
cross_p7s1_cycle_519.wav,2,0,normal,False,unknown,519
cross_p7s1_cycle_521.wav,3,0,normal,False,unknown,521
cross_p7s1_cycle_523.wav,4,0,normal,False,unknown,523
cross_p7s1_cycle_525.wav,5,0,normal,False,unknown,525
cross_p7s1_cycle_529.wav,1,0,normal,False,unknown,529
cross_p7s1_cycle_531.wav,2,0,normal,False,unknown,531
cross_p7s1_cycle_533.wav,3,0,normal,False,unknown,533
cross_p7s1_cycle_535.wav,4,0,normal,False,unknown,535
cross_p7s1_cycle_537.wav,5,0,normal,False,unknown,537
cross_p7s1_cycle_539.wav,1,0,normal,False,unknown,539
cross_p7s1_cycle_541.wav,2,0,normal,False,unknown,541
cross_p7s1_cycle_543.wav,3,0,normal,False,unknown,543
cross_p7s1_cycle_545.wav,4,0,normal,False,unknown,545
cross_p7s1_cycle_547.wav,5,0,normal,False,unknown,547
cross_p7s1_cycle_549.wav,1,0,normal,False,unknown,549
cross_p7s1_cycle_553.wav,2,0,normal,False,unknown,553
cross_p7s1_cycle_555.wav,3,0,normal,False,unknown,555
cross_p7s1_cycle_557.wav,4,0,normal,False,unknown,557
cross_p7s1_cycle_559.wav,5,0,normal,False,unknown,559
cross_p7s1_cycle_561.wav,1,0,normal,False,unknown,561
cross_p7s1_cycle_563.wav,2,0,normal,False,unknown,563
cross_p7s1_cycle_565.wav,3,0,normal,False,unknown,565
cross_p7s1_cycle_567.wav,4,0,normal,False,unknown,567
cross_p7s1_cycle_569.wav,5,0,normal,False,unknown,569
cross_p7s1_cycle_571.wav,1,0,normal,False,unknown,571
cross_p7s1_cycle_573.wav,2,0,normal,False,unknown,573
cross_p7s1_cycle_575.wav,3,0,normal,False,unknown,575
cross_p7s1_cycle_577.wav,4,0,normal,False,unknown,577
cross_p7s1_cycle_581.wav,5,0,normal,False,unknown,581
cross_p7s1_cycle_583.wav,1,0,normal,False,unknown,583
cross_p7s1_cycle_585.wav,2,0,normal,False,unknown,585
cross_p7s1_cycle_587.wav,3,0,normal,False,unknown,587
cross_p7s1_cycle_589.wav,4,0,normal,False,unknown,589
cross_p7s1_cycle_595.wav,5,0,normal,False,unknown,595
cross_p7s1_cycle_597.wav,1,0,normal,False,unknown,597
cross_p7s1_cycle_599.wav,2,0,normal,False,unknown,599
cross_p7s1_cycle_601.wav,3,0,normal,False,unknown,601
Cross_p6cycle_004.wav,4,0,normal,False,unknown,4
Cross_p6cycle_006.wav,5,0,normal,False,unknown,6
Cross_p6cycle_008.wav,1,0,normal,False,unknown,8
Cross_p6cycle_010.wav,2,0,normal,False,unknown,10
Cross_p6cycle_012.wav,3,0,normal,False,unknown,12
Cross_p6cycle_014.wav,4,0,normal,False,unknown,14
Cross_p6cycle_016.wav,5,0,normal,False,unknown,16
Cross_p6cycle_018.wav,1,0,normal,False,unknown,18
Cross_p6cycle_020.wav,2,0,normal,False,unknown,20
Cross_p6cycle_022.wav,3,0,normal,False,unknown,22
Cross_p6cycle_024.wav,4,0,normal,False,unknown,24
Cross_p6cycle_026.wav,5,0,normal,False,unknown,26
Cross_p6cycle_028.wav,1,0,normal,False,unknown,28
Cross_p6cycle_030.wav,2,0,normal,False,unknown,30
Cross_p6cycle_032.wav,3,0,normal,False,unknown,32
Cross_p6cycle_039.wav,4,0,normal,False,unknown,39
Cross_p6cycle_041.wav,5,0,normal,False,unknown,41
Cross_p6cycle_043.wav,1,0,normal,False,unknown,43
Cross_p6cycle_045.wav,2,0,normal,False,unknown,45
Cross_p6cycle_047.wav,3,0,normal,False,unknown,47
Cross_p6cycle_049.wav,4,0,normal,False,unknown,49
Cross_p6cycle_051.wav,5,0,normal,False,unknown,51
Cross_p6cycle_053.wav,1,0,normal,False,unknown,53
Cross_p6cycle_055.wav,2,0,normal,False,unknown,55
Cross_p6cycle_057.wav,3,0,normal,False,unknown,57
Cross_p6cycle_059.wav,4,0,normal,False,unknown,59
Cross_p6cycle_061.wav,5,0,normal,False,unknown,61
Cross_p6cycle_063.wav,1,0,normal,False,unknown,63
Cross_p6cycle_065.wav,2,0,normal,False,unknown,65
Cross_p6cycle_067.wav,3,0,normal,False,unknown,67
Cross_p6cycle_069.wav,4,0,normal,False,unknown,69
Cross_p6cycle_071.wav,5,0,normal,False,unknown,71
Cross_p6cycle_073.wav,1,0,normal,False,unknown,73
Cross_p6cycle_075.wav,2,0,normal,False,unknown,75
Cross_p6cycle_077.wav,3,0,normal,False,unknown,77
Cross_p6cycle_079.wav,4,0,normal,False,unknown,79
Cross_p6cycle_081.wav,5,0,normal,False,unknown,81
Cross_p6cycle_083.wav,1,0,normal,False,unknown,83
Cross_p6cycle_085.wav,2,0,normal,False,unknown,85
Cross_p6cycle_087.wav,3,0,normal,False,unknown,87
Cross_p6cycle_089.wav,4,0,normal,False,unknown,89
Cross_p6cycle_091.wav,5,0,normal,False,unknown,91
Cross_p6cycle_093.wav,1,0,normal,False,unknown,93
Cross_p6cycle_095.wav,2,0,normal,False,unknown,95
Cross_p6cycle_097.wav,3,0,normal,False,unknown,97
Cross_p6cycle_099.wav,4,0,normal,False,unknown,99
Cross_p6cycle_101.wav,5,0,normal,False,unknown,101
Cross_s1_p_uppercycle_004.wav,1,0,normal,False,unknown,4
Cross_s1_p_uppercycle_006.wav,2,0,normal,False,unknown,6
Cross_s1_p_uppercycle_008.wav,3,0,normal,False,unknown,8
Cross_s1_p_uppercycle_010.wav,4,0,normal,False,unknown,10
Cross_s1_p_uppercycle_012.wav,5,0,normal,False,unknown,12
Cross_s1_p_uppercycle_014.wav,1,0,normal,False,unknown,14
Cross_s1_p_uppercycle_016.wav,2,0,normal,False,unknown,16
Cross_s1_p_uppercycle_018.wav,3,0,normal,False,unknown,18
Cross_s1_p_uppercycle_020.wav,4,0,normal,False,unknown,20
Cross_s1_p_uppercycle_022.wav,5,0,normal,False,unknown,22
Cross_s1_p_uppercycle_024.wav,1,0,normal,False,unknown,24
Cross_s1_p_uppercycle_026.wav,2,0,normal,False,unknown,26
Cross_s1_p_uppercycle_028.wav,3,0,normal,False,unknown,28
Cross_s1_p_uppercycle_030.wav,4,0,normal,False,unknown,30
Cross_s1_p_uppercycle_032.wav,5,0,normal,False,unknown,32
Cross_s1_p_uppercycle_036.wav,1,0,normal,False,unknown,36
Cross_s1_p_uppercycle_038.wav,2,0,normal,False,unknown,38
Cross_s1_p_uppercycle_040.wav,3,0,normal,False,unknown,40
Cross_s1_p_uppercycle_042.wav,4,0,normal,False,unknown,42
Cross_s1_p_uppercycle_044.wav,5,0,normal,False,unknown,44
Cross_s1_p_uppercycle_046.wav,1,0,normal,False,unknown,46
Cross_s1_p_uppercycle_048.wav,2,0,normal,False,unknown,48
Cross_s1_p_uppercycle_050.wav,3,0,normal,False,unknown,50
Cross_s1_p_uppercycle_052.wav,4,0,normal,False,unknown,52
Cross_s1_p_uppercycle_054.wav,5,0,normal,False,unknown,54
Cross_s1_p_uppercycle_056.wav,1,0,normal,False,unknown,56
Cross_s1_p_uppercycle_058.wav,2,0,normal,False,unknown,58
Cross_s1_p_uppercycle_060.wav,3,0,normal,False,unknown,60
Cross_s1_p_uppercycle_062.wav,4,0,normal,False,unknown,62
Cross_s1_p_uppercycle_064.wav,5,0,normal,False,unknown,64
Cross_s1_p_uppercycle_066.wav,1,0,normal,False,unknown,66
Cross_s1_p_uppercycle_068.wav,2,0,normal,False,unknown,68
Cross_s1_p_uppercycle_070.wav,3,0,normal,False,unknown,70
Cross_s1_p_uppercycle_072.wav,4,0,normal,False,unknown,72
Cross_s1_p_uppercycle_076.wav,5,0,normal,False,unknown,76
Cross_s1_p_uppercycle_078.wav,1,0,normal,False,unknown,78
Cross_s1_p_uppercycle_080.wav,2,0,normal,False,unknown,80
Cross_s1_p_uppercycle_082.wav,3,0,normal,False,unknown,82
Cross_s1_p_uppercycle_084.wav,4,0,normal,False,unknown,84
Cross_s1_p_uppercycle_086.wav,5,0,normal,False,unknown,86
Cross_s1_p_uppercycle_088.wav,1,0,normal,False,unknown,88
Cross_s1_p_uppercycle_090.wav,2,0,normal,False,unknown,90
Cross_s1_p_uppercycle_092.wav,3,0,normal,False,unknown,92
Cross_s1_p_uppercycle_094.wav,4,0,normal,False,unknown,94
Cross_s1_p_uppercycle_096.wav,5,0,normal,False,unknown,96
Cross_s1_p_uppercycle_098.wav,1,0,normal,False,unknown,98
Cross_s1_p_uppercycle_100.wav,2,0,normal,False,unknown,100
Cross_s1_p_uppercycle_102.wav,3,0,normal,False,unknown,102
Cross_s1_p_uppercycle_104.wav,4,0,normal,False,unknown,104
Cross_s1_p_uppercycle_106.wav,5,0,normal,False,unknown,106
Cross_s1_p_uppercycle_108.wav,1,0,normal,False,unknown,108
Cross_s1_p_uppercycle_110.wav,2,0,normal,False,unknown,110
Cross_s1_p_uppercycle_112.wav,3,0,normal,False,unknown,112
Cross_s1_p_uppercycle_118.wav,4,0,normal,False,unknown,118
Cross_s1_p_uppercycle_120.wav,5,0,normal,False,unknown,120
Cross_s1_p_uppercycle_122.wav,1,0,normal,False,unknown,122
Cross_s1_p_uppercycle_124.wav,2,0,normal,False,unknown,124
Cross_s1_p_uppercycle_126.wav,3,0,normal,False,unknown,126
Cross_s1_p_uppercycle_128.wav,4,0,normal,False,unknown,128
Cross_s1_p_uppercycle_130.wav,5,0,normal,False,unknown,130
Cross_s1_p_uppercycle_132.wav,1,0,normal,False,unknown,132
Cross_s1_p_uppercycle_134.wav,2,0,normal,False,unknown,134
Cross_s1_p_uppercycle_136.wav,3,0,normal,False,unknown,136
Cross_s1_p_uppercycle_138.wav,4,0,normal,False,unknown,138
Cross_s1_p_uppercycle_140.wav,5,0,normal,False,unknown,140
Cross_s1_p_uppercycle_142.wav,1,0,normal,False,unknown,142
Cross_s1_p_uppercycle_144.wav,2,0,normal,False,unknown,144
Cross_s1_p_uppercycle_146.wav,3,0,normal,False,unknown,146
Cross_s1_p_uppercycle_150.wav,4,0,normal,False,unknown,150
Cross_s1_p_uppercycle_152.wav,5,0,normal,False,unknown,152
Cross_s1_p_uppercycle_154.wav,1,0,normal,False,unknown,154
Cross_s1_p_uppercycle_156.wav,2,0,normal,False,unknown,156
Cross_s1_p_uppercycle_158.wav,3,0,normal,False,unknown,158
Cross_s1_p_uppercycle_160.wav,4,0,normal,False,unknown,160
Cross_s1_p_uppercycle_162.wav,5,0,normal,False,unknown,162
Cross_s1_p_uppercycle_164.wav,1,0,normal,False,unknown,164
Cross_s1_p_uppercycle_166.wav,2,0,normal,False,unknown,166
Cross_s1_p_uppercycle_170.wav,3,0,normal,False,unknown,170
Cross_s1_p_uppercycle_172.wav,4,0,normal,False,unknown,172
Cross_s1_p_uppercycle_174.wav,5,0,normal,False,unknown,174
Cross_s1_p_uppercycle_176.wav,1,0,normal,False,unknown,176
Cross_s1_p_uppercycle_178.wav,2,0,normal,False,unknown,178
Cross_s1_p_uppercycle_180.wav,3,0,normal,False,unknown,180
Cross_s1_p_uppercycle_190.wav,5,0,normal,False,unknown,190
Cross_s1_p_uppercycle_194.wav,1,0,normal,False,unknown,194
Cross_s1_p_uppercycle_196.wav,2,0,normal,False,unknown,196
Cross_s1_p_uppercycle_198.wav,3,0,normal,False,unknown,198
Cross_s1_p_uppercycle_200.wav,4,0,normal,False,unknown,200
Cross_s1_p_uppercycle_202.wav,5,0,normal,False,unknown,202
Cross_s1_p_uppercycle_204.wav,1,0,normal,False,unknown,204
Cross_s1_p_uppercycle_206.wav,2,0,normal,False,unknown,206
Cross_s1_p_uppercycle_208.wav,3,0,normal,False,unknown,208
Cross_s1_p_uppercycle_210.wav,4,0,normal,False,unknown,210
Cross_s1_p_uppercycle_214.wav,5,0,normal,False,unknown,214
Cross_s1_p_uppercycle_216.wav,1,0,normal,False,unknown,216
Cross_s1_p_uppercycle_218.wav,2,0,normal,False,unknown,218
Cross_s1_p_uppercycle_222.wav,3,0,normal,False,unknown,222
Cross_s1_p1cycle_004.wav,4,0,normal,False,unknown,4
Cross_s1_p1cycle_006.wav,5,0,normal,False,unknown,6
Cross_s1_p1cycle_008.wav,1,0,normal,False,unknown,8
Cross_s1_p1cycle_010.wav,2,0,normal,False,unknown,10
Cross_s1_p1cycle_012.wav,3,0,normal,False,unknown,12
Cross_s1_p1cycle_014.wav,4,0,normal,False,unknown,14
Cross_s1_p1cycle_016.wav,5,0,normal,False,unknown,16
Cross_s1_p1cycle_018.wav,1,0,normal,False,unknown,18
Cross_s1_p1cycle_020.wav,2,0,normal,False,unknown,20
Cross_s1_p1cycle_022.wav,3,0,normal,False,unknown,22
Cross_s1_p1cycle_024.wav,4,0,normal,False,unknown,24
Cross_s1_p1cycle_026.wav,5,0,normal,False,unknown,26
Cross_s1_p1cycle_028.wav,1,0,normal,False,unknown,28
Cross_s1_p1cycle_030.wav,2,0,normal,False,unknown,30
Cross_s1_p1cycle_032.wav,3,0,normal,False,unknown,32
Cross_s1_p1cycle_034.wav,4,0,normal,False,unknown,34
Cross_s1_p1cycle_036.wav,5,0,normal,False,unknown,36
Cross_s1_p1cycle_038.wav,1,0,normal,False,unknown,38
Cross_s1_p1cycle_040.wav,2,0,normal,False,unknown,40
Cross_s1_p1cycle_042.wav,3,0,normal,False,unknown,42
Cross_s1_p1cycle_044.wav,4,0,normal,False,unknown,44
Cross_s1_p1cycle_046.wav,5,0,normal,False,unknown,46
Cross_s1_p1cycle_048.wav,1,0,normal,False,unknown,48
Cross_s1_p1cycle_052.wav,2,0,normal,False,unknown,52
Cross_s1_p1cycle_054.wav,3,0,normal,False,unknown,54
Cross_s1_p1cycle_056.wav,4,0,normal,False,unknown,56
Cross_s1_p1cycle_058.wav,5,0,normal,False,unknown,58
Cross_s1_p1cycle_060.wav,1,0,normal,False,unknown,60
Cross_s1_p1cycle_062.wav,2,0,normal,False,unknown,62
Cross_s1_p1cycle_064.wav,3,0,normal,False,unknown,64
Cross_s1_p1cycle_066.wav,4,0,normal,False,unknown,66
Cross_s1_p1cycle_068.wav,5,0,normal,False,unknown,68
Cross_s1_p1cycle_070.wav,1,0,normal,False,unknown,70
Cross_s1_p1cycle_072.wav,2,0,normal,False,unknown,72
Cross_s1_p1cycle_074.wav,3,0,normal,False,unknown,74
Cross_s1_p1cycle_076.wav,4,0,normal,False,unknown,76
Cross_s1_p1cycle_078.wav,5,0,normal,False,unknown,78
Cross_s1_p1cycle_080.wav,1,0,normal,False,unknown,80
Cross_s1_p1cycle_082.wav,2,0,normal,False,unknown,82
Cross_s1_p1cycle_084.wav,3,0,normal,False,unknown,84
Cross_s1_p1cycle_088.wav,4,0,normal,False,unknown,88
Cross_s1_p1cycle_090.wav,5,0,normal,False,unknown,90
Cross_s1_p1cycle_092.wav,1,0,normal,False,unknown,92
Cross_s1_p1cycle_094.wav,2,0,normal,False,unknown,94
Cross_s1_p1cycle_096.wav,3,0,normal,False,unknown,96
Cross_s1_p1cycle_098.wav,4,0,normal,False,unknown,98
Cross_s1_p1cycle_100.wav,5,0,normal,False,unknown,100
Cross_s1_p1cycle_102.wav,1,0,normal,False,unknown,102
Cross_s1_p1cycle_104.wav,2,0,normal,False,unknown,104
Cross_s1_p1cycle_108.wav,3,0,normal,False,unknown,108
Cross_s1_p1cycle_112.wav,4,0,normal,False,unknown,112
Cross_s1_p1cycle_120.wav,5,0,normal,False,unknown,120
Cross_s1_p1cycle_122.wav,1,0,normal,False,unknown,122
Cross_s1_p1cycle_124.wav,2,0,normal,False,unknown,124
Cross_s1_p1cycle_126.wav,3,0,normal,False,unknown,126
Cross_s1_p1cycle_128.wav,4,0,normal,False,unknown,128
Cross_s1_p1cycle_130.wav,5,0,normal,False,unknown,130
Cross_s1_p1cycle_132.wav,1,0,normal,False,unknown,132
Cross_s1_p1cycle_134.wav,2,0,normal,False,unknown,134
Cross_s1_p1cycle_136.wav,3,0,normal,False,unknown,136
Cross_s1_p1cycle_138.wav,4,0,normal,False,unknown,138
Cross_s1_p1cycle_140.wav,5,0,normal,False,unknown,140
Cross_s1_p1cycle_142.wav,1,0,normal,False,unknown,142
Cross_s1_p1cycle_144.wav,2,0,normal,False,unknown,144
Cross_s1_p1cycle_146.wav,3,0,normal,False,unknown,146
Cross_s1_p1cycle_148.wav,4,0,normal,False,unknown,148
Cross_s1_p1cycle_150.wav,5,0,normal,False,unknown,150
Cross_s1_p1cycle_152.wav,1,0,normal,False,unknown,152
Cross_s1_p1cycle_154.wav,2,0,normal,False,unknown,154
Cross_s1_p1cycle_156.wav,3,0,normal,False,unknown,156
Cross_s1_p1cycle_158.wav,4,0,normal,False,unknown,158
Cross_s1_p1cycle_162.wav,5,0,normal,False,unknown,162
Cross_s1_p1cycle_164.wav,1,0,normal,False,unknown,164
Cross_s1_p1cycle_166.wav,2,0,normal,False,unknown,166
Cross_s1_p1cycle_168.wav,3,0,normal,False,unknown,168
Cross_s1_p1cycle_170.wav,4,0,normal,False,unknown,170
Cross_s1_p1cycle_172.wav,5,0,normal,False,unknown,172
Cross_s1_p1cycle_174.wav,1,0,normal,False,unknown,174
Cross_s1_p1cycle_176.wav,2,0,normal,False,unknown,176
Cross_s1_p1cycle_180.wav,3,0,normal,False,unknown,180
Cross_s1_p1cycle_182.wav,4,0,normal,False,unknown,182
Cross_s1_p1cycle_184.wav,5,0,normal,False,unknown,184
Cross_s1_p5cycle_003.wav,1,0,normal,False,unknown,3
Cross_s1_p5cycle_005.wav,2,0,normal,False,unknown,5
Cross_s1_p5cycle_007.wav,3,0,normal,False,unknown,7
Cross_s1_p5cycle_009.wav,4,0,normal,False,unknown,9
Cross_s1_p5cycle_011.wav,5,0,normal,False,unknown,11
Cross_s1_p5cycle_013.wav,1,0,normal,False,unknown,13
Cross_s1_p5cycle_015.wav,2,0,normal,False,unknown,15
Cross_s1_p5cycle_017.wav,3,0,normal,False,unknown,17
Cross_s1_p5cycle_019.wav,4,0,normal,False,unknown,19
Cross_s1_p5cycle_021.wav,5,0,normal,False,unknown,21
Cross_s1_p5cycle_023.wav,1,0,normal,False,unknown,23
Cross_s1_p5cycle_025.wav,2,0,normal,False,unknown,25
Cross_s1_p5cycle_027.wav,3,0,normal,False,unknown,27
Cross_s1_p5cycle_029.wav,4,0,normal,False,unknown,29
Cross_s1_p5cycle_031.wav,5,0,normal,False,unknown,31
Cross_s1_p5cycle_037.wav,1,0,normal,False,unknown,37
Cross_s1_p5cycle_039.wav,2,0,normal,False,unknown,39
Cross_s1_p5cycle_041.wav,3,0,normal,False,unknown,41
Cross_s1_p5cycle_043.wav,4,0,normal,False,unknown,43
Cross_s1_p5cycle_045.wav,5,0,normal,False,unknown,45
Cross_s1_p5cycle_047.wav,1,0,normal,False,unknown,47
Cross_s1_p5cycle_049.wav,2,0,normal,False,unknown,49
Cross_s1_p5cycle_051.wav,3,0,normal,False,unknown,51
Cross_s1_p5cycle_053.wav,4,0,normal,False,unknown,53
Cross_s1_p5cycle_055.wav,5,0,normal,False,unknown,55
Cross_s1_p5cycle_057.wav,1,0,normal,False,unknown,57
Cross_s1_p5cycle_059.wav,2,0,normal,False,unknown,59
Cross_s1_p5cycle_061.wav,3,0,normal,False,unknown,61
Cross_s1_p5cycle_063.wav,4,0,normal,False,unknown,63
Cross_s1_p5cycle_065.wav,5,0,normal,False,unknown,65
Cross_s1_p5cycle_067.wav,1,0,normal,False,unknown,67
Cross_s1_p5cycle_069.wav,2,0,normal,False,unknown,69
Cross_s1_p5cycle_071.wav,3,0,normal,False,unknown,71
Cross_s1_p5cycle_073.wav,4,0,normal,False,unknown,73
Cross_s1_p5cycle_075.wav,5,0,normal,False,unknown,75
Cross_s1_p5cycle_077.wav,1,0,normal,False,unknown,77
Cross_s1_p5cycle_079.wav,2,0,normal,False,unknown,79
Cross_s1_p5cycle_081.wav,3,0,normal,False,unknown,81
Cross_s1_p5cycle_083.wav,4,0,normal,False,unknown,83
Cross_s1_p5cycle_085.wav,5,0,normal,False,unknown,85
Cross_s1_p5cycle_087.wav,1,0,normal,False,unknown,87
Cross_s1_p5cycle_089.wav,2,0,normal,False,unknown,89
Cross_s1_p5cycle_091.wav,3,0,normal,False,unknown,91
Cross_s1_p5cycle_095.wav,4,0,normal,False,unknown,95
Cross_s1_p5cycle_097.wav,5,0,normal,False,unknown,97
Cross_s1_p5cycle_099.wav,1,0,normal,False,unknown,99
Cross_s1_p5cycle_101.wav,2,0,normal,False,unknown,101
Cross_s1_p5cycle_103.wav,3,0,normal,False,unknown,103
Cross_s1_p5cycle_105.wav,4,0,normal,False,unknown,105
Cross_s1_p5cycle_107.wav,5,0,normal,False,unknown,107
Cross_s1_p5cycle_109.wav,1,0,normal,False,unknown,109
Cross_s1_p5cycle_111.wav,2,0,normal,False,unknown,111
Cross_s1_p5cycle_113.wav,3,0,normal,False,unknown,113
Cross_s1_p5cycle_120.wav,4,0,normal,False,unknown,120
Cross_s1_p5cycle_122.wav,5,0,normal,False,unknown,122
Cross_s1_p5cycle_124.wav,1,0,normal,False,unknown,124
Cross_s1_p5cycle_126.wav,2,0,normal,False,unknown,126
Cross_s1_p5cycle_128.wav,3,0,normal,False,unknown,128
Cross_s1_p5cycle_130.wav,4,0,normal,False,unknown,130
Cross_s1_p5cycle_132.wav,5,0,normal,False,unknown,132
Cross_s1_p5cycle_134.wav,1,0,normal,False,unknown,134
Cross_s1_p5cycle_136.wav,2,0,normal,False,unknown,136
Cross_s1_p5cycle_138.wav,3,0,normal,False,unknown,138
Cross_s1_p5cycle_140.wav,4,0,normal,False,unknown,140
Cross_s1_p5cycle_142.wav,5,0,normal,False,unknown,142
Cross_s1_p5cycle_144.wav,1,0,normal,False,unknown,144
Cross_s1_p5cycle_146.wav,2,0,normal,False,unknown,146
Cross_s1_p5cycle_148.wav,3,0,normal,False,unknown,148
Cross_s1_p5cycle_152.wav,4,0,normal,False,unknown,152
Cross_s1_p5cycle_154.wav,5,0,normal,False,unknown,154
Cross_s1_p5cycle_156.wav,1,0,normal,False,unknown,156
Cross_s1_p5cycle_158.wav,2,0,normal,False,unknown,158
Cross_s1_p5cycle_160.wav,3,0,normal,False,unknown,160
Cross_s1_p5cycle_162.wav,4,0,normal,False,unknown,162
Cross_s1_p5cycle_164.wav,5,0,normal,False,unknown,164
Cross_s1_p5cycle_166.wav,1,0,normal,False,unknown,166
Cross_s1_p5cycle_168.wav,2,0,normal,False,unknown,168
Cross_s1_p5cycle_170.wav,3,0,normal,False,unknown,170
Cross_s1_p5cycle_172.wav,4,0,normal,False,unknown,172
Cross_s1_p5cycle_174.wav,5,0,normal,False,unknown,174
Cross_s1_p5cycle_176.wav,1,0,normal,False,unknown,176
Cross_s1_p5cycle_178.wav,2,0,normal,False,unknown,178
Cross_s1_p5cycle_180.wav,3,0,normal,False,unknown,180
Cross_s1_p5cycle_182.wav,4,0,normal,False,unknown,182
Cross_s1_p5cycle_184.wav,5,0,normal,False,unknown,184
Cross_s1_p5cycle_186.wav,1,0,normal,False,unknown,186
Cross_s1_p5cycle_188.wav,2,0,normal,False,unknown,188
Cross_s1_p5cycle_192.wav,3,0,normal,False,unknown,192
Cross_s1_p5cycle_194.wav,4,0,normal,False,unknown,194
Cross_s1_p5cycle_196.wav,5,0,normal,False,unknown,196
Cross_s1_p5cycle_198.wav,1,0,normal,False,unknown,198
Cross_s1_p5cycle_200.wav,2,0,normal,False,unknown,200
Cross_s1_p5cycle_202.wav,3,0,normal,False,unknown,202
Cross_s1_p5cycle_204.wav,4,0,normal,False,unknown,204
Cross_s2_p1cycle_004.wav,5,0,normal,False,unknown,4
Cross_s2_p1cycle_006.wav,1,0,normal,False,unknown,6
Cross_s2_p1cycle_008.wav,2,0,normal,False,unknown,8
Cross_s2_p1cycle_010.wav,3,0,normal,False,unknown,10
Cross_s2_p1cycle_012.wav,4,0,normal,False,unknown,12
Cross_s2_p1cycle_014.wav,5,0,normal,False,unknown,14
Cross_s2_p1cycle_016.wav,1,0,normal,False,unknown,16
Cross_s2_p1cycle_018.wav,2,0,normal,False,unknown,18
Cross_s2_p1cycle_020.wav,3,0,normal,False,unknown,20
Cross_s2_p1cycle_022.wav,4,0,normal,False,unknown,22
Cross_s2_p1cycle_024.wav,5,0,normal,False,unknown,24
Cross_s2_p1cycle_026.wav,1,0,normal,False,unknown,26
Cross_s2_p1cycle_028.wav,2,0,normal,False,unknown,28
Cross_s2_p1cycle_030.wav,3,0,normal,False,unknown,30
Cross_s2_p1cycle_032.wav,4,0,normal,False,unknown,32
Cross_s2_p1cycle_034.wav,5,0,normal,False,unknown,34
Cross_s2_p1cycle_036.wav,1,0,normal,False,unknown,36
Cross_s2_p1cycle_038.wav,2,0,normal,False,unknown,38
Cross_s2_p1cycle_040.wav,3,0,normal,False,unknown,40
Cross_s2_p1cycle_042.wav,4,0,normal,False,unknown,42
Cross_s2_p1cycle_044.wav,5,0,normal,False,unknown,44
Cross_s2_p1cycle_046.wav,1,0,normal,False,unknown,46
Cross_s2_p1cycle_048.wav,2,0,normal,False,unknown,48
Cross_s2_p1cycle_052.wav,3,0,normal,False,unknown,52
Cross_s2_p1cycle_054.wav,4,0,normal,False,unknown,54
Cross_s2_p1cycle_056.wav,5,0,normal,False,unknown,56
Cross_s2_p1cycle_058.wav,1,0,normal,False,unknown,58
Cross_s2_p1cycle_060.wav,2,0,normal,False,unknown,60
Cross_s2_p1cycle_062.wav,3,0,normal,False,unknown,62
Cross_s2_p1cycle_064.wav,4,0,normal,False,unknown,64
Cross_s2_p1cycle_066.wav,5,0,normal,False,unknown,66
Cross_s2_p1cycle_068.wav,1,0,normal,False,unknown,68
Cross_s2_p1cycle_070.wav,2,0,normal,False,unknown,70
Cross_s2_p1cycle_072.wav,3,0,normal,False,unknown,72
Cross_s2_p1cycle_074.wav,4,0,normal,False,unknown,74
Cross_s2_p1cycle_076.wav,5,0,normal,False,unknown,76
Cross_s2_p1cycle_078.wav,1,0,normal,False,unknown,78
Cross_s2_p1cycle_080.wav,2,0,normal,False,unknown,80
Cross_s2_p1cycle_082.wav,3,0,normal,False,unknown,82
Cross_s2_p1cycle_084.wav,4,0,normal,False,unknown,84
Cross_s2_p1cycle_086.wav,5,0,normal,False,unknown,86
Cross_s2_p1cycle_088.wav,1,0,normal,False,unknown,88
Cross_s2_p1cycle_090.wav,2,0,normal,False,unknown,90
Cross_s2_p1cycle_092.wav,3,0,normal,False,unknown,92
Cross_s2_p1cycle_098.wav,4,0,normal,False,unknown,98
Cross_s2_p1cycle_100.wav,5,0,normal,False,unknown,100
Cross_s2_p1cycle_102.wav,1,0,normal,False,unknown,102
Cross_s2_p1cycle_104.wav,2,0,normal,False,unknown,104
Cross_s2_p1cycle_106.wav,3,0,normal,False,unknown,106
Cross_s2_p1cycle_108.wav,4,0,normal,False,unknown,108
Cross_s2_p1cycle_110.wav,5,0,normal,False,unknown,110
Cross_s2_p1cycle_112.wav,1,0,normal,False,unknown,112
Cross_s2_p1cycle_114.wav,2,0,normal,False,unknown,114
Cross_s2_p1cycle_118.wav,3,0,normal,False,unknown,118
Cross_s2_p1cycle_120.wav,4,0,normal,False,unknown,120
Cross_s2_p1cycle_122.wav,5,0,normal,False,unknown,122
Cross_s2_p1cycle_124.wav,1,0,normal,False,unknown,124
Cross_s2_p1cycle_126.wav,2,0,normal,False,unknown,126
Cross_s2_p1cycle_128.wav,3,0,normal,False,unknown,128
Cross_s2_p1cycle_130.wav,4,0,normal,False,unknown,130
Cross_s2_p1cycle_132.wav,5,0,normal,False,unknown,132
Cross_s2_p1cycle_134.wav,1,0,normal,False,unknown,134
Cross_s2_p1cycle_136.wav,2,0,normal,False,unknown,136
Cross_s2_p1cycle_138.wav,3,0,normal,False,unknown,138
Cross_s2_p1cycle_142.wav,4,0,normal,False,unknown,142
Cross_s2_p1cycle_144.wav,5,0,normal,False,unknown,144
Cross_s2_p1cycle_146.wav,1,0,normal,False,unknown,146
Cross_s2_p1cycle_148.wav,2,0,normal,False,unknown,148
Cross_s2_p1cycle_150.wav,3,0,normal,False,unknown,150
Cross_s2_p1cycle_152.wav,4,0,normal,False,unknown,152
Cross_s2_p1cycle_154.wav,5,0,normal,False,unknown,154
Cross_s2_p1cycle_156.wav,1,0,normal,False,unknown,156
Cross_s2_p1cycle_158.wav,2,0,normal,False,unknown,158
Cross_s2_p1cycle_160.wav,3,0,normal,False,unknown,160
Cross_s2_p1cycle_162.wav,4,0,normal,False,unknown,162
Cross_s2_p1cycle_164.wav,5,0,normal,False,unknown,164
Cross_s2_p1cycle_166.wav,1,0,normal,False,unknown,166
Cross_s2_p1cycle_170.wav,2,0,normal,False,unknown,170
Cross_s2_p1cycle_172.wav,3,0,normal,False,unknown,172
Cross_s2_p1cycle_174.wav,4,0,normal,False,unknown,174
Cross_s2_p1cycle_176.wav,5,0,normal,False,unknown,176
Cross_s2_p1cycle_178.wav,1,0,normal,False,unknown,178
Cross_s2_p1cycle_182.wav,2,0,normal,False,unknown,182
Cross_s2_p1cycle_184.wav,3,0,normal,False,unknown,184
Cross_s2_p1cycle_186.wav,4,0,normal,False,unknown,186
Cross_s2_p1cycle_188.wav,5,0,normal,False,unknown,188
Cross_s2_p1cycle_190.wav,1,0,normal,False,unknown,190
s2_p6_mangoutcycle_003.wav,2,0,normal,False,unknown,3
s2_p6_mangoutcycle_005.wav,3,0,normal,False,unknown,5
s2_p6_mangoutcycle_007.wav,4,0,normal,False,unknown,7
s2_p6_mangoutcycle_009.wav,5,0,normal,False,unknown,9
s2_p6_mangoutcycle_011.wav,1,0,normal,False,unknown,11
s2_p6_mangoutcycle_013.wav,2,0,normal,False,unknown,13
s2_p6_mangoutcycle_015.wav,3,0,normal,False,unknown,15
s2_p6_mangoutcycle_017.wav,4,0,normal,False,unknown,17
s2_p6_mangoutcycle_019.wav,5,0,normal,False,unknown,19
s2_p6_mangoutcycle_021.wav,1,0,normal,False,unknown,21
s2_p6_mangoutcycle_023.wav,2,0,normal,False,unknown,23
s2_p6_mangoutcycle_025.wav,3,0,normal,False,unknown,25
s2_p6_mangoutcycle_027.wav,4,0,normal,False,unknown,27
s2_p6_mangoutcycle_029.wav,5,0,normal,False,unknown,29
s2_p6_mangoutcycle_031.wav,1,0,normal,False,unknown,31
s2_p6_mangoutcycle_033.wav,2,0,normal,False,unknown,33
s2_p6_mangoutcycle_035.wav,3,0,normal,False,unknown,35
s2_p6_mangoutcycle_037.wav,4,0,normal,False,unknown,37
s2_p6_mangoutcycle_039.wav,5,0,normal,False,unknown,39
s2_p6_mangoutcycle_041.wav,1,0,normal,False,unknown,41
s2_p6_mangoutcycle_043.wav,2,0,normal,False,unknown,43
s2_p6_mangoutcycle_045.wav,3,0,normal,False,unknown,45
s2_p6_mangoutcycle_047.wav,4,0,normal,False,unknown,47
s2_p6_mangoutcycle_049.wav,5,0,normal,False,unknown,49
s2_p6_mangoutcycle_051.wav,1,0,normal,False,unknown,51
s2_p6_mangoutcycle_053.wav,2,0,normal,False,unknown,53
s2_p6_mangoutcycle_055.wav,3,0,normal,False,unknown,55
s2_p6_mangoutcycle_057.wav,4,0,normal,False,unknown,57
s2_p6_mangoutcycle_059.wav,5,0,normal,False,unknown,59
s2_p6_mangoutcycle_061.wav,1,0,normal,False,unknown,61
s2_p6_mangoutcycle_063.wav,2,0,normal,False,unknown,63
s2_p6_mangoutcycle_065.wav,3,0,normal,False,unknown,65
s2_p6_mangoutcycle_067.wav,4,0,normal,False,unknown,67
s2_p6_mangoutcycle_069.wav,5,0,normal,False,unknown,69
s2_p6_mangoutcycle_073.wav,1,0,normal,False,unknown,73
s2_p6_mangoutcycle_075.wav,2,0,normal,False,unknown,75
s2_p6_mangoutcycle_077.wav,3,0,normal,False,unknown,77
s2_p6_mangoutcycle_079.wav,4,0,normal,False,unknown,79
s2_p6_mangoutcycle_081.wav,5,0,normal,False,unknown,81
s2_p6_mangoutcycle_083.wav,1,0,normal,False,unknown,83
s2_p6_mangoutcycle_085.wav,2,0,normal,False,unknown,85
s2_p6_mangoutcycle_087.wav,3,0,normal,False,unknown,87
s2_p6_mangoutcycle_089.wav,4,0,normal,False,unknown,89
s2_p6_mangoutcycle_091.wav,5,0,normal,False,unknown,91
s2_p6_mangoutcycle_093.wav,1,0,normal,False,unknown,93
s2_p6_mangoutcycle_095.wav,2,0,normal,False,unknown,95
s2_p6_mangoutcycle_097.wav,3,0,normal,False,unknown,97
s2_p6_mangoutcycle_099.wav,4,0,normal,False,unknown,99
s2_p6_mangoutcycle_101.wav,5,0,normal,False,unknown,101
s2_p6_mangoutcycle_108.wav,1,0,normal,False,unknown,108
s2_p6_mangoutcycle_110.wav,2,0,normal,False,unknown,110
s2_p6_mangoutcycle_112.wav,3,0,normal,False,unknown,112
s2_p6_mangoutcycle_114.wav,4,0,normal,False,unknown,114
s2_p6_mangoutcycle_116.wav,5,0,normal,False,unknown,116
s2_p6_mangoutcycle_118.wav,1,0,normal,False,unknown,118
s2_p6_mangoutcycle_120.wav,2,0,normal,False,unknown,120
s2_p6_mangoutcycle_122.wav,3,0,normal,False,unknown,122
s2_p6_mangoutcycle_124.wav,4,0,normal,False,unknown,124
s2_p6_mangoutcycle_126.wav,5,0,normal,False,unknown,126
s2_p6_mangoutcycle_128.wav,1,0,normal,False,unknown,128
s2_p6_mangoutcycle_130.wav,2,0,normal,False,unknown,130
s2_p6_mangoutcycle_132.wav,3,0,normal,False,unknown,132
s2_p6_mangoutcycle_134.wav,4,0,normal,False,unknown,134
s2_p6_mangoutcycle_136.wav,5,0,normal,False,unknown,136
s2_p6_mangoutcycle_138.wav,1,0,normal,False,unknown,138
s2_p6_mangoutcycle_140.wav,2,0,normal,False,unknown,140
s2_p6_mangoutcycle_142.wav,3,0,normal,False,unknown,142
s2_p6_mangoutcycle_144.wav,4,0,normal,False,unknown,144
s2_p6_mangoutcycle_146.wav,5,0,normal,False,unknown,146
s2_p6_mangoutcycle_148.wav,1,0,normal,False,unknown,148
s2_p6_mangoutcycle_150.wav,2,0,normal,False,unknown,150
s2_p6_mangoutcycle_152.wav,3,0,normal,False,unknown,152
s2_p6_mangoutcycle_154.wav,4,0,normal,False,unknown,154
s2_p6_mangoutcycle_156.wav,5,0,normal,False,unknown,156
s2_p6_mangoutcycle_158.wav,1,0,normal,False,unknown,158
s2_p6_mangoutcycle_160.wav,2,0,normal,False,unknown,160
s2_p6_mangoutcycle_162.wav,3,0,normal,False,unknown,162
s2_p6_mangoutcycle_164.wav,4,0,normal,False,unknown,164
s2_p6_mangoutcycle_166.wav,5,0,normal,False,unknown,166
s2_p6_mangoutcycle_168.wav,1,0,normal,False,unknown,168
s2_p6_mangoutcycle_170.wav,2,0,normal,False,unknown,170
s2_p6_mangoutcycle_172.wav,3,0,normal,False,unknown,172
s2_p6_mangoutcycle_174.wav,4,0,normal,False,unknown,174
s2_p6_mangoutcycle_178.wav,5,0,normal,False,unknown,178
s2_p6_mangoutcycle_180.wav,1,0,normal,False,unknown,180
s2_p6_mangoutcycle_182.wav,2,0,normal,False,unknown,182
s2_p6_mangoutcycle_184.wav,3,0,normal,False,unknown,184
s2_p6_mangoutcycle_186.wav,4,0,normal,False,unknown,186
s2_p6_mangoutcycle_188.wav,5,0,normal,False,unknown,188
s2_p6_mangoutcycle_190.wav,1,0,normal,False,unknown,190
s2_p6_mangoutcycle_192.wav,2,0,normal,False,unknown,192
s2_p6_mangoutcycle_194.wav,3,0,normal,False,unknown,194
s2_p6_mangoutcycle_196.wav,4,0,normal,False,unknown,196
s2_p6_mangoutcycle_198.wav,5,0,normal,False,unknown,198
s2_p6_mangoutcycle_200.wav,1,0,normal,False,unknown,200
s2_p6_mangoutcycle_202.wav,2,0,normal,False,unknown,202
s2_p6_mangoutcycle_204.wav,3,0,normal,False,unknown,204
s2_p6_mangoutcycle_206.wav,4,0,normal,False,unknown,206
P5_6_2S1JoiningH4000_cycle_003.wav,5,0,normal,False,6_2S1JoiningH4000,3
P5_6_2S1JoiningH4000_cycle_005.wav,1,0,normal,False,6_2S1JoiningH4000,5
P5_6_2S1JoiningH4000_cycle_007.wav,2,0,normal,False,6_2S1JoiningH4000,7
P5_6_2S1JoiningH4000_cycle_009.wav,3,0,normal,False,6_2S1JoiningH4000,9
P5_6_2S1JoiningH4000_cycle_011.wav,4,0,normal,False,6_2S1JoiningH4000,11
P5_6_2S1JoiningH4000_cycle_013.wav,5,0,normal,False,6_2S1JoiningH4000,13
P5_6_2S1JoiningH4000_cycle_015.wav,1,0,normal,False,6_2S1JoiningH4000,15
P5_6_2S1JoiningH4000_cycle_017.wav,2,0,normal,False,6_2S1JoiningH4000,17
P5_6_2S1JoiningH4000_cycle_021.wav,3,0,normal,False,6_2S1JoiningH4000,21
P5_6_2S1JoiningH4000_cycle_023.wav,4,0,normal,False,6_2S1JoiningH4000,23
P5_6_2S1JoiningH4000_cycle_025.wav,5,0,normal,False,6_2S1JoiningH4000,25
P5_6_2S1JoiningH4000_cycle_027.wav,1,0,normal,False,6_2S1JoiningH4000,27
P5_6_2S1JoiningH4000_cycle_029.wav,2,0,normal,False,6_2S1JoiningH4000,29
P5_6_2S1JoiningH4000_cycle_031.wav,3,0,normal,False,6_2S1JoiningH4000,31
P5_6_2S1JoiningH4000_cycle_033.wav,4,0,normal,False,6_2S1JoiningH4000,33
P5_6_2S1JoiningH4000_cycle_035.wav,5,0,normal,False,6_2S1JoiningH4000,35
P5_6_2S1JoiningH4000_cycle_039.wav,1,0,normal,False,6_2S1JoiningH4000,39
P5_6_2S1JoiningH4000_cycle_041.wav,2,0,normal,False,6_2S1JoiningH4000,41
P5_6_2S1JoiningH4000_cycle_043.wav,3,0,normal,False,6_2S1JoiningH4000,43
P5_6_2S1JoiningH4000_cycle_045.wav,4,0,normal,False,6_2S1JoiningH4000,45
P5_6_2S1JoiningH4000_cycle_047.wav,5,0,normal,False,6_2S1JoiningH4000,47
P5_6_2S1JoiningH4000_cycle_049.wav,1,0,normal,False,6_2S1JoiningH4000,49
P5_6_2S1JoiningH4000_cycle_051.wav,2,0,normal,False,6_2S1JoiningH4000,51
P5_6_2S1JoiningH4000_cycle_053.wav,3,0,normal,False,6_2S1JoiningH4000,53
P5_6_2S1JoiningH4000_cycle_056.wav,4,0,normal,False,6_2S1JoiningH4000,56
P5_6_2S1JoiningH4000_cycle_058.wav,5,0,normal,False,6_2S1JoiningH4000,58
P5_6_2S1JoiningH4000_cycle_060.wav,1,0,normal,False,6_2S1JoiningH4000,60
P5_6_2S1JoiningH4000_cycle_062.wav,2,0,normal,False,6_2S1JoiningH4000,62
P5_6_2S1JoiningH4000_cycle_064.wav,3,0,normal,False,6_2S1JoiningH4000,64
P5_6_2S1JoiningH4000_cycle_066.wav,4,0,normal,False,6_2S1JoiningH4000,66
P5_6_2S1JoiningH4000_cycle_068.wav,5,0,normal,False,6_2S1JoiningH4000,68
P5_6_2S1JoiningH4000_cycle_070.wav,1,0,normal,False,6_2S1JoiningH4000,70
P5_6_2S1JoiningH4000_cycle_072.wav,2,0,normal,False,6_2S1JoiningH4000,72
P5_6_2S1JoiningH4000_cycle_076.wav,3,0,normal,False,6_2S1JoiningH4000,76
P5_6_2S1JoiningH4000_cycle_082.wav,5,0,normal,False,6_2S1JoiningH4000,82
P5_6_2S1JoiningH4000_cycle_084.wav,1,0,normal,False,6_2S1JoiningH4000,84
P5_6_2S1JoiningH4000_cycle_086.wav,2,0,normal,False,6_2S1JoiningH4000,86
P5_6_2S1JoiningH4000_cycle_088.wav,3,0,normal,False,6_2S1JoiningH4000,88
P5_6_2S1JoiningH4000_cycle_090.wav,4,0,normal,False,6_2S1JoiningH4000,90
P5_6_2S1JoiningH4000_cycle_092.wav,5,0,normal,False,6_2S1JoiningH4000,92
P5_6_2S1JoiningH4000_cycle_094.wav,1,0,normal,False,6_2S1JoiningH4000,94
P5_6_2S1JoiningH4000_cycle_096.wav,2,0,normal,False,6_2S1JoiningH4000,96
P5_6_2S1JoiningH4000_cycle_098.wav,3,0,normal,False,6_2S1JoiningH4000,98
P5_6_2S1JoiningH4000_cycle_100.wav,4,0,normal,False,6_2S1JoiningH4000,100
P5_6_2S1JoiningH4000_cycle_102.wav,5,0,normal,False,6_2S1JoiningH4000,102
P5_6_2S1JoiningH4000_cycle_104.wav,1,0,normal,False,6_2S1JoiningH4000,104
P5_6_2S1JoiningH4000_cycle_106.wav,2,0,normal,False,6_2S1JoiningH4000,106
P5_6_2S1JoiningH4000_cycle_108.wav,3,0,normal,False,6_2S1JoiningH4000,108
P5_6_2S1JoiningH4000_cycle_110.wav,4,0,normal,False,6_2S1JoiningH4000,110
P5_6_2S1JoiningH4000_cycle_112.wav,5,0,normal,False,6_2S1JoiningH4000,112
P5_6_2S1JoiningH4000_cycle_114.wav,1,0,normal,False,6_2S1JoiningH4000,114
P5_6_2S1JoiningH4000_cycle_116.wav,2,0,normal,False,6_2S1JoiningH4000,116
P5_6_2S1JoiningH4000_cycle_118.wav,3,0,normal,False,6_2S1JoiningH4000,118
P5_6_2S1JoiningH4000_cycle_120.wav,4,0,normal,False,6_2S1JoiningH4000,120
P5_6_2S1JoiningH4000_cycle_122.wav,5,0,normal,False,6_2S1JoiningH4000,122
P5_6_2S1JoiningH4000_cycle_124.wav,1,0,normal,False,6_2S1JoiningH4000,124
P5_6_2S1JoiningH4000_cycle_126.wav,2,0,normal,False,6_2S1JoiningH4000,126
P5_6_2S1JoiningH4000_cycle_128.wav,3,0,normal,False,6_2S1JoiningH4000,128
P5_6_2S1JoiningH4000_cycle_130.wav,4,0,normal,False,6_2S1JoiningH4000,130
P5_6_2S1JoiningH4000_cycle_132.wav,5,0,normal,False,6_2S1JoiningH4000,132
P5_6_2S1JoiningH4000_cycle_134.wav,1,0,normal,False,6_2S1JoiningH4000,134
P5_6_2S1JoiningH4000_cycle_136.wav,2,0,normal,False,6_2S1JoiningH4000,136
P5_6_2S1JoiningH4000_cycle_138.wav,3,0,normal,False,6_2S1JoiningH4000,138
P5_6_2S1JoiningH4000_cycle_140.wav,4,0,normal,False,6_2S1JoiningH4000,140
P5_6_2S1JoiningH4000_cycle_142.wav,5,0,normal,False,6_2S1JoiningH4000,142
P5_6_2S1JoiningH4000_cycle_144.wav,1,0,normal,False,6_2S1JoiningH4000,144
P5_6_2S1JoiningH4000_cycle_146.wav,2,0,normal,False,6_2S1JoiningH4000,146
P5_6_2S1JoiningH4000_cycle_150.wav,3,0,normal,False,6_2S1JoiningH4000,150
P5_6_2S1JoiningH4000_cycle_152.wav,4,0,normal,False,6_2S1JoiningH4000,152
P5_6_2S1JoiningH4000_cycle_154.wav,5,0,normal,False,6_2S1JoiningH4000,154
P5_6_2S1JoiningH4000_cycle_156.wav,1,0,normal,False,6_2S1JoiningH4000,156
P5_6_2S1JoiningH4000_cycle_158.wav,2,0,normal,False,6_2S1JoiningH4000,158
P5_6_2S1JoiningH4000_cycle_160.wav,3,0,normal,False,6_2S1JoiningH4000,160
P5_6_2S1JoiningH4000_cycle_162.wav,4,0,normal,False,6_2S1JoiningH4000,162
P5_6_2S1JoiningH4000_cycle_164.wav,5,0,normal,False,6_2S1JoiningH4000,164
P5_6_2S1JoiningH4000_cycle_166.wav,1,0,normal,False,6_2S1JoiningH4000,166
P5_6_2S1JoiningH4000_cycle_168.wav,2,0,normal,False,6_2S1JoiningH4000,168
P5_6_2S1JoiningH4000_cycle_170.wav,3,0,normal,False,6_2S1JoiningH4000,170
P5_6_2S1JoiningH4000_cycle_172.wav,4,0,normal,False,6_2S1JoiningH4000,172
P5_6_2S1JoiningH4000_cycle_174.wav,5,0,normal,False,6_2S1JoiningH4000,174
P5_6_2S1JoiningH4000_cycle_176.wav,1,0,normal,False,6_2S1JoiningH4000,176
P5_6_2S1JoiningH4000_cycle_178.wav,2,0,normal,False,6_2S1JoiningH4000,178
P5_6_2S1JoiningH4000_cycle_180.wav,3,0,normal,False,6_2S1JoiningH4000,180
P5_6_2S1JoiningH4000_cycle_182.wav,4,0,normal,False,6_2S1JoiningH4000,182
P5_6_2S1JoiningH4000_cycle_184.wav,5,0,normal,False,6_2S1JoiningH4000,184
P5_6_2S1JoiningH4000_cycle_186.wav,1,0,normal,False,6_2S1JoiningH4000,186
P5_6_2S1JoiningH4000_cycle_188.wav,2,0,normal,False,6_2S1JoiningH4000,188
P5_6_2S1JoiningH4000_cycle_190.wav,3,0,normal,False,6_2S1JoiningH4000,190
P5_6_2S1JoiningH4000_cycle_192.wav,4,0,normal,False,6_2S1JoiningH4000,192
P5_6_2S1JoiningH4000_cycle_194.wav,5,0,normal,False,6_2S1JoiningH4000,194
P5_6_2S1JoiningH4000_cycle_196.wav,1,0,normal,False,6_2S1JoiningH4000,196
P5_6_2S1JoiningH4000_cycle_198.wav,2,0,normal,False,6_2S1JoiningH4000,198
P5_6_2S1JoiningH4000_cycle_200.wav,3,0,normal,False,6_2S1JoiningH4000,200
P5_6_2S1JoiningH4000_cycle_202.wav,4,0,normal,False,6_2S1JoiningH4000,202
P5_6_2S1JoiningH4000_cycle_204.wav,5,0,normal,False,6_2S1JoiningH4000,204
P5_6_2S1JoiningH4000_cycle_206.wav,1,0,normal,False,6_2S1JoiningH4000,206
P5_6_2S1JoiningH4000_cycle_208.wav,2,0,normal,False,6_2S1JoiningH4000,208
P5_6_2S1JoiningH4000_cycle_210.wav,3,0,normal,False,6_2S1JoiningH4000,210
P5_6_2S1JoiningH4000_cycle_212.wav,4,0,normal,False,6_2S1JoiningH4000,212
P5_6_2S1JoiningH4000_cycle_214.wav,5,0,normal,False,6_2S1JoiningH4000,214
l6s9.95s10.1_P2S2Girders2H2300_cycle_064.wav,1,0,normal,False,P2S2Girders2H2300,64
l6s9.95s10.1_P2S2Girders2H2300_cycle_066.wav,2,0,normal,False,P2S2Girders2H2300,66
l6s9.95s10.1_P2S2Girders2H2300_cycle_068.wav,3,0,normal,False,P2S2Girders2H2300,68
l6s9.95s10.1_P2S2Girders2H2300_cycle_070.wav,4,0,normal,False,P2S2Girders2H2300,70
l6s9.95s10.1_P2S2Girders2H2300_cycle_072.wav,5,0,normal,False,P2S2Girders2H2300,72
l6s9.95s10.1_P2S2Girders2H2300_cycle_074.wav,1,0,normal,False,P2S2Girders2H2300,74
l6s9.95s10.1_P2S2Girders2H2300_cycle_076.wav,2,0,normal,False,P2S2Girders2H2300,76
l6s9.95s10.1_P2S2Girders2H2300_cycle_078.wav,3,0,normal,False,P2S2Girders2H2300,78
l6s9.95s10.1_P2S2Girders2H2300_cycle_080.wav,4,0,normal,False,P2S2Girders2H2300,80
l6s9.95s10.1_P2S2Girders2H2300_cycle_082.wav,5,0,normal,False,P2S2Girders2H2300,82
l6s9.95s10.1_P2S2Girders2H2300_cycle_084.wav,1,0,normal,False,P2S2Girders2H2300,84
l6s9.95s10.1_P2S2Girders2H2300_cycle_086.wav,2,0,normal,False,P2S2Girders2H2300,86
l6s9.95s10.1_P2S2Girders2H2300_cycle_088.wav,3,0,normal,False,P2S2Girders2H2300,88
l6s9.95s10.1_P2S2Girders2H2300_cycle_090.wav,4,0,normal,False,P2S2Girders2H2300,90
l6s9.95s10.1_P2S2Girders2H2300_cycle_092.wav,5,0,normal,False,P2S2Girders2H2300,92
l6s9.95s10.1_P2S2Girders2H2300_cycle_094.wav,1,0,normal,False,P2S2Girders2H2300,94
l6s9.95s10.1_P2S2Girders2H2300_cycle_096.wav,2,0,normal,False,P2S2Girders2H2300,96
l6s9.95s10.1_P2S2Girders2H2300_cycle_098.wav,3,0,normal,False,P2S2Girders2H2300,98
l6s9.95s10.1_P2S2Girders2H2300_cycle_100.wav,4,0,normal,False,P2S2Girders2H2300,100
l6s9.95s10.1_P2S2Girders2H2300_cycle_102.wav,5,0,normal,False,P2S2Girders2H2300,102
l6s9.95s10.1_P2S2Girders2H2300_cycle_104.wav,1,0,normal,False,P2S2Girders2H2300,104
l6s9.95s10.1_P2S2Girders2H2300_cycle_106.wav,2,0,normal,False,P2S2Girders2H2300,106
l6s9.95s10.1_P2S2Girders2H2300_cycle_108.wav,3,0,normal,False,P2S2Girders2H2300,108
l6s9.95s10.1_P2S2Girders2H2300_cycle_110.wav,4,0,normal,False,P2S2Girders2H2300,110
l6s9.95s10.1_P2S2Girders2H2300_cycle_112.wav,5,0,normal,False,P2S2Girders2H2300,112
l6s9.95s10.1_P2S2Girders2H2300_cycle_114.wav,1,0,normal,False,P2S2Girders2H2300,114
l6s9.95s10.1_P2S2Girders2H2300_cycle_116.wav,2,0,normal,False,P2S2Girders2H2300,116
l6s9.95s10.1_P2S2Girders2H2300_cycle_118.wav,3,0,normal,False,P2S2Girders2H2300,118
l6s9.95s10.1_P2S2Girders2H2300_cycle_120.wav,4,0,normal,False,P2S2Girders2H2300,120
l6s9.95s10.1_P2S2Girders2H2300_cycle_122.wav,5,0,normal,False,P2S2Girders2H2300,122
l6s9.95s10.1_P2S2Girders2H2300_cycle_124.wav,1,0,normal,False,P2S2Girders2H2300,124
l6s9.95s10.1_P2S2Girders2H2300_cycle_126.wav,2,0,normal,False,P2S2Girders2H2300,126
l6s9.95s10.1_P2S2Girders2H2300_cycle_128.wav,3,0,normal,False,P2S2Girders2H2300,128
l6s9.95s10.1_P2S2Girders2H2300_cycle_130.wav,4,0,normal,False,P2S2Girders2H2300,130
l6s9.95s10.1_P2S2Girders2H2300_cycle_132.wav,5,0,normal,False,P2S2Girders2H2300,132
l6s9.95s10.1_P2S2Girders2H2300_cycle_134.wav,1,0,normal,False,P2S2Girders2H2300,134
l6s9.95s10.1_P2S2Girders2H2300_cycle_136.wav,2,0,normal,False,P2S2Girders2H2300,136
l6s9.95s10.1_P2S2Girders2H2300_cycle_138.wav,3,0,normal,False,P2S2Girders2H2300,138
l6s9.95s10.1_P2S2Girders2H2300_cycle_140.wav,4,0,normal,False,P2S2Girders2H2300,140
l6s9.95s10.1_P2S2Girders2H2300_cycle_142.wav,5,0,normal,False,P2S2Girders2H2300,142
l6s9.95s10.1_P2S2Girders2H2300_cycle_144.wav,1,0,normal,False,P2S2Girders2H2300,144
l6s9.95s10.1_P2S2Girders2H2300_cycle_146.wav,2,0,normal,False,P2S2Girders2H2300,146
l6s9.95s10.1_P2S2Girders2H2300_cycle_148.wav,3,0,normal,False,P2S2Girders2H2300,148
l6s9.95s10.1_P2S2Girders2H2300_cycle_150.wav,4,0,normal,False,P2S2Girders2H2300,150
l6s9.95s10.1_P2S2Girders2H2300_cycle_152.wav,5,0,normal,False,P2S2Girders2H2300,152
l6s9.95s10.1_P2S2Girders2H2300_cycle_154.wav,1,0,normal,False,P2S2Girders2H2300,154
l6s9.95s10.1_P2S2Girders2H2300_cycle_156.wav,2,0,normal,False,P2S2Girders2H2300,156
l6s9.95s10.1_P2S2Girders2H2300_cycle_158.wav,3,0,normal,False,P2S2Girders2H2300,158
l6s9.95s10.1_P2S2Girders2H2300_cycle_160.wav,4,0,normal,False,P2S2Girders2H2300,160
l6s9.95s10.1_P2S2Girders2H2300_cycle_162.wav,5,0,normal,False,P2S2Girders2H2300,162
l6s9.95s10.1_P2S2Girders2H2300_cycle_164.wav,1,0,normal,False,P2S2Girders2H2300,164
l6s9.95s10.1_P2S2Girders2H2300_cycle_166.wav,2,0,normal,False,P2S2Girders2H2300,166
l6s9.95s10.1_P2S2Girders2H2300_cycle_168.wav,3,0,normal,False,P2S2Girders2H2300,168
l6s9.95s10.1_P2S2Girders2H2300_cycle_170.wav,4,0,normal,False,P2S2Girders2H2300,170
l6s9.95s10.1_P2S2Girders2H2300_cycle_174.wav,5,0,normal,False,P2S2Girders2H2300,174
l6s9.95s10.1_P2S2Girders2H2300_cycle_176.wav,1,0,normal,False,P2S2Girders2H2300,176
l6s9.95s10.1_P2S2Girders2H2300_cycle_178.wav,2,0,normal,False,P2S2Girders2H2300,178
l7s10.55_P2S2Girders2H2300_cycle_002.wav,3,0,normal,False,P2S2Girders2H2300,2
l7s10.55_P2S2Girders2H2300_cycle_004.wav,4,0,normal,False,P2S2Girders2H2300,4
l7s10.55_P2S2Girders2H2300_cycle_006.wav,5,0,normal,False,P2S2Girders2H2300,6
l7s10.55_P2S2Girders2H2300_cycle_008.wav,1,0,normal,False,P2S2Girders2H2300,8
l7s10.55_P2S2Girders2H2300_cycle_010.wav,2,0,normal,False,P2S2Girders2H2300,10
l7s10.55_P2S2Girders2H2300_cycle_012.wav,3,0,normal,False,P2S2Girders2H2300,12
l7s10.55_P2S2Girders2H2300_cycle_014.wav,4,0,normal,False,P2S2Girders2H2300,14
l7s10.55_P2S2Girders2H2300_cycle_016.wav,5,0,normal,False,P2S2Girders2H2300,16
l7s10.55_P2S2Girders2H2300_cycle_018.wav,1,0,normal,False,P2S2Girders2H2300,18
l7s10.55_P2S2Girders2H2300_cycle_020.wav,2,0,normal,False,P2S2Girders2H2300,20
l7s10.55_P2S2Girders2H2300_cycle_022.wav,3,0,normal,False,P2S2Girders2H2300,22
l7s10.55_P2S2Girders2H2300_cycle_024.wav,4,0,normal,False,P2S2Girders2H2300,24
l7s10.55_P2S2Girders2H2300_cycle_026.wav,5,0,normal,False,P2S2Girders2H2300,26
l7s10.55_P2S2Girders2H2300_cycle_028.wav,1,0,normal,False,P2S2Girders2H2300,28
l7s10.55_P2S2Girders2H2300_cycle_030.wav,2,0,normal,False,P2S2Girders2H2300,30
l7s10.55_P2S2Girders2H2300_cycle_032.wav,3,0,normal,False,P2S2Girders2H2300,32
l7s10.55_P2S2Girders2H2300_cycle_034.wav,4,0,normal,False,P2S2Girders2H2300,34
l7s10.55_P2S2Girders2H2300_cycle_036.wav,5,0,normal,False,P2S2Girders2H2300,36
l7s10.55_P2S2Girders2H2300_cycle_038.wav,1,0,normal,False,P2S2Girders2H2300,38
l7s10.55_P2S2Girders2H2300_cycle_040.wav,2,0,normal,False,P2S2Girders2H2300,40
l7s10.55_P2S2Girders2H2300_cycle_042.wav,3,0,normal,False,P2S2Girders2H2300,42
l7s10.55_P2S2Girders2H2300_cycle_044.wav,4,0,normal,False,P2S2Girders2H2300,44
l7s10.55_P2S2Girders2H2300_cycle_046.wav,5,0,normal,False,P2S2Girders2H2300,46
l7s10.55_P2S2Girders2H2300_cycle_048.wav,1,0,normal,False,P2S2Girders2H2300,48
l7s10.55_P2S2Girders2H2300_cycle_050.wav,2,0,normal,False,P2S2Girders2H2300,50
l7s10.55_P2S2Girders2H2300_cycle_052.wav,3,0,normal,False,P2S2Girders2H2300,52
l7s10.55_P2S2Girders2H2300_cycle_054.wav,4,0,normal,False,P2S2Girders2H2300,54
l7s10.55_P2S2Girders2H2300_cycle_056.wav,5,0,normal,False,P2S2Girders2H2300,56
l7s10.55_P2S2Girders2H2300_cycle_058.wav,1,0,normal,False,P2S2Girders2H2300,58
l7s10.55_P2S2Girders2H2300_cycle_060.wav,2,0,normal,False,P2S2Girders2H2300,60
l7s10.55_P2S2Girders2H2300_cycle_062.wav,3,0,normal,False,P2S2Girders2H2300,62
Inc_P5_6_2S1JoiningH4000_cycle_002.wav,4,0,normal,False,P5_6_2S1JoiningH4000,2
Inc_P5_6_2S1JoiningH4000_cycle_004.wav,5,0,normal,False,P5_6_2S1JoiningH4000,4
Inc_P5_6_2S1JoiningH4000_cycle_006.wav,1,0,normal,False,P5_6_2S1JoiningH4000,6
Inc_P5_6_2S1JoiningH4000_cycle_008.wav,2,0,normal,False,P5_6_2S1JoiningH4000,8
Inc_P5_6_2S1JoiningH4000_cycle_010.wav,3,0,normal,False,P5_6_2S1JoiningH4000,10
Inc_P5_6_2S1JoiningH4000_cycle_012.wav,4,0,normal,False,P5_6_2S1JoiningH4000,12
Inc_P5_6_2S1JoiningH4000_cycle_014.wav,5,0,normal,False,P5_6_2S1JoiningH4000,14
Inc_P5_6_2S1JoiningH4000_cycle_016.wav,1,0,normal,False,P5_6_2S1JoiningH4000,16
Inc_P5_6_2S1JoiningH4000_cycle_020.wav,2,0,normal,False,P5_6_2S1JoiningH4000,20
Inc_P5_6_2S1JoiningH4000_cycle_022.wav,3,0,normal,False,P5_6_2S1JoiningH4000,22
Inc_P5_6_2S1JoiningH4000_cycle_024.wav,4,0,normal,False,P5_6_2S1JoiningH4000,24
Inc_P5_6_2S1JoiningH4000_cycle_026.wav,5,0,normal,False,P5_6_2S1JoiningH4000,26
Inc_P5_6_2S1JoiningH4000_cycle_028.wav,1,0,normal,False,P5_6_2S1JoiningH4000,28
Inc_P5_6_2S1JoiningH4000_cycle_032.wav,2,0,normal,False,P5_6_2S1JoiningH4000,32
Inc_P5_6_2S1JoiningH4000_cycle_034.wav,3,0,normal,False,P5_6_2S1JoiningH4000,34
Inc_P5_6_2S1JoiningH4000_cycle_038.wav,4,0,normal,False,P5_6_2S1JoiningH4000,38
Inc_P5_6_2S1JoiningH4000_cycle_040.wav,5,0,normal,False,P5_6_2S1JoiningH4000,40
Inc_P5_6_2S1JoiningH4000_cycle_042.wav,1,0,normal,False,P5_6_2S1JoiningH4000,42
Inc_P5_6_2S1JoiningH4000_cycle_044.wav,2,0,normal,False,P5_6_2S1JoiningH4000,44
Inc_P5_6_2S1JoiningH4000_cycle_046.wav,3,0,normal,False,P5_6_2S1JoiningH4000,46
Inc_P5_6_2S1JoiningH4000_cycle_048.wav,4,0,normal,False,P5_6_2S1JoiningH4000,48
Inc_P5_6_2S1JoiningH4000_cycle_050.wav,5,0,normal,False,P5_6_2S1JoiningH4000,50
Inc_P5_6_2S1JoiningH4000_cycle_052.wav,1,0,normal,False,P5_6_2S1JoiningH4000,52
Inc_P5_6_2S1JoiningH4000_cycle_054.wav,2,0,normal,False,P5_6_2S1JoiningH4000,54
Inc_P5_6_2S1JoiningH4000_cycle_056.wav,3,0,normal,False,P5_6_2S1JoiningH4000,56
Inc_P5_6_2S1JoiningH4000_cycle_058.wav,4,0,normal,False,P5_6_2S1JoiningH4000,58
Inc_P5_6_2S1JoiningH4000_cycle_060.wav,5,0,normal,False,P5_6_2S1JoiningH4000,60
Inc_P5_6_2S1JoiningH4000_cycle_062.wav,1,0,normal,False,P5_6_2S1JoiningH4000,62
Inc_P5_6_2S1JoiningH4000_cycle_064.wav,2,0,normal,False,P5_6_2S1JoiningH4000,64
Inc_P5_6_2S1JoiningH4000_cycle_066.wav,3,0,normal,False,P5_6_2S1JoiningH4000,66
Inc_P5_6_2S1JoiningH4000_cycle_068.wav,4,0,normal,False,P5_6_2S1JoiningH4000,68
Inc_P5_6_2S1JoiningH4000_cycle_070.wav,5,0,normal,False,P5_6_2S1JoiningH4000,70
Inc_P5_6_2S1JoiningH4000_cycle_072.wav,1,0,normal,False,P5_6_2S1JoiningH4000,72
Inc_P5_6_2S1JoiningH4000_cycle_076.wav,2,0,normal,False,P5_6_2S1JoiningH4000,76
Inc_P5_6_2S1JoiningH4000_cycle_080.wav,3,0,normal,False,P5_6_2S1JoiningH4000,80
Inc_P5_6_2S1JoiningH4000_cycle_082.wav,4,0,normal,False,P5_6_2S1JoiningH4000,82
Inc_P5_6_2S1JoiningH4000_cycle_084.wav,5,0,normal,False,P5_6_2S1JoiningH4000,84
Inc_P5_6_2S1JoiningH4000_cycle_086.wav,1,0,normal,False,P5_6_2S1JoiningH4000,86
Inc_P5_6_2S1JoiningH4000_cycle_088.wav,2,0,normal,False,P5_6_2S1JoiningH4000,88
Inc_P5_6_2S1JoiningH4000_cycle_090.wav,3,0,normal,False,P5_6_2S1JoiningH4000,90
Inc_P5_6_2S1JoiningH4000_cycle_092.wav,4,0,normal,False,P5_6_2S1JoiningH4000,92
Inc_P5_6_2S1JoiningH4000_cycle_094.wav,5,0,normal,False,P5_6_2S1JoiningH4000,94
Inc_P5_6_2S1JoiningH4000_cycle_096.wav,1,0,normal,False,P5_6_2S1JoiningH4000,96
Inc_P5_6_2S1JoiningH4000_cycle_098.wav,2,0,normal,False,P5_6_2S1JoiningH4000,98
Inc_P5_6_2S1JoiningH4000_cycle_100.wav,3,0,normal,False,P5_6_2S1JoiningH4000,100
Inc_P5_6_2S1JoiningH4000_cycle_102.wav,4,0,normal,False,P5_6_2S1JoiningH4000,102
Inc_P5_6_2S1JoiningH4000_cycle_104.wav,5,0,normal,False,P5_6_2S1JoiningH4000,104
Inc_P5_6_2S1JoiningH4000_cycle_106.wav,1,0,normal,False,P5_6_2S1JoiningH4000,106
Inc_P5_6_2S1JoiningH4000_cycle_108.wav,2,0,normal,False,P5_6_2S1JoiningH4000,108
Inc_P5_6_2S1JoiningH4000_cycle_110.wav,3,0,normal,False,P5_6_2S1JoiningH4000,110
Inc_P5_6_2S1JoiningH4000_cycle_112.wav,4,0,normal,False,P5_6_2S1JoiningH4000,112
Inc_P5_6_2S1JoiningH4000_cycle_114.wav,5,0,normal,False,P5_6_2S1JoiningH4000,114
Inc_P5_6_2S1JoiningH4000_cycle_116.wav,1,0,normal,False,P5_6_2S1JoiningH4000,116
Inc_P5_6_2S1JoiningH4000_cycle_118.wav,2,0,normal,False,P5_6_2S1JoiningH4000,118
Inc_P5_6_2S1JoiningH4000_cycle_120.wav,3,0,normal,False,P5_6_2S1JoiningH4000,120
Inc_P5_6_2S1JoiningH4000_cycle_122.wav,4,0,normal,False,P5_6_2S1JoiningH4000,122
Inc_P5_6_2S1JoiningH4000_cycle_124.wav,5,0,normal,False,P5_6_2S1JoiningH4000,124
Inc_P5_6_2S1JoiningH4000_cycle_126.wav,1,0,normal,False,P5_6_2S1JoiningH4000,126
Inc_P5_6_2S1JoiningH4000_cycle_128.wav,2,0,normal,False,P5_6_2S1JoiningH4000,128
Inc_P5_6_2S1JoiningH4000_cycle_130.wav,3,0,normal,False,P5_6_2S1JoiningH4000,130
Inc_P5_6_2S1JoiningH4000_cycle_132.wav,4,0,normal,False,P5_6_2S1JoiningH4000,132
Inc_P5_6_2S1JoiningH4000_cycle_134.wav,5,0,normal,False,P5_6_2S1JoiningH4000,134
Inc_P5_6_2S1JoiningH4000_cycle_136.wav,1,0,normal,False,P5_6_2S1JoiningH4000,136
Inc_P5_6_2S1JoiningH4000_cycle_140.wav,2,0,normal,False,P5_6_2S1JoiningH4000,140
Inc_P5_6_2S1JoiningH4000_cycle_142.wav,3,0,normal,False,P5_6_2S1JoiningH4000,142
Inc_P5_6_2S1JoiningH4000_cycle_144.wav,4,0,normal,False,P5_6_2S1JoiningH4000,144
Inc_P5_6_2S1JoiningH4000_cycle_146.wav,5,0,normal,False,P5_6_2S1JoiningH4000,146
Inc_P5_6_2S1JoiningH4000_cycle_148.wav,1,0,normal,False,P5_6_2S1JoiningH4000,148
Inc_P5_6_2S1JoiningH4000_cycle_150.wav,2,0,normal,False,P5_6_2S1JoiningH4000,150
Inc_P5_6_2S1JoiningH4000_cycle_152.wav,3,0,normal,False,P5_6_2S1JoiningH4000,152
Inc_P5_6_2S1JoiningH4000_cycle_154.wav,4,0,normal,False,P5_6_2S1JoiningH4000,154
Inc_P5_6_2S1JoiningH4000_cycle_156.wav,5,0,normal,False,P5_6_2S1JoiningH4000,156
Inc_P5_6_2S1JoiningH4000_cycle_158.wav,1,0,normal,False,P5_6_2S1JoiningH4000,158
Inc_P5_6_2S1JoiningH4000_cycle_160.wav,2,0,normal,False,P5_6_2S1JoiningH4000,160
Inc_P5_6_2S1JoiningH4000_cycle_162.wav,3,0,normal,False,P5_6_2S1JoiningH4000,162
Inc_P5_6_2S1JoiningH4000_cycle_164.wav,4,0,normal,False,P5_6_2S1JoiningH4000,164
Inc_P5_6_2S1JoiningH4000_cycle_166.wav,5,0,normal,False,P5_6_2S1JoiningH4000,166
Inc_P5_6_2S1JoiningH4000_cycle_168.wav,1,0,normal,False,P5_6_2S1JoiningH4000,168
Inc_P5_6_2S1JoiningH4000_cycle_170.wav,2,0,normal,False,P5_6_2S1JoiningH4000,170
Inc_P5_6_2S1JoiningH4000_cycle_172.wav,3,0,normal,False,P5_6_2S1JoiningH4000,172
Inc_P5_6_2S1JoiningH4000_cycle_174.wav,4,0,normal,False,P5_6_2S1JoiningH4000,174
Inc_P5_6_2S1JoiningH4000_cycle_176.wav,5,0,normal,False,P5_6_2S1JoiningH4000,176
Inc_P5_6_2S1JoiningH4000_cycle_178.wav,1,0,normal,False,P5_6_2S1JoiningH4000,178
Inc_P5_6_2S1JoiningH4000_cycle_180.wav,2,0,normal,False,P5_6_2S1JoiningH4000,180
Inc_P5_6_2S1JoiningH4000_cycle_182.wav,3,0,normal,False,P5_6_2S1JoiningH4000,182
Inc_P5_6_2S1JoiningH4000_cycle_184.wav,4,0,normal,False,P5_6_2S1JoiningH4000,184
Inc_P5_6_2S1JoiningH4000_cycle_186.wav,5,0,normal,False,P5_6_2S1JoiningH4000,186
Inc_P5_6_2S1JoiningH4000_cycle_188.wav,1,0,normal,False,P5_6_2S1JoiningH4000,188
Inc_P5_6_2S1JoiningH4000_cycle_190.wav,2,0,normal,False,P5_6_2S1JoiningH4000,190
Inc_P5_6_2S1JoiningH4000_cycle_192.wav,3,0,normal,False,P5_6_2S1JoiningH4000,192
Inc_P5_6_2S1JoiningH4000_cycle_194.wav,4,0,normal,False,P5_6_2S1JoiningH4000,194
Inc_P5_6_2S1JoiningH4000_cycle_196.wav,5,0,normal,False,P5_6_2S1JoiningH4000,196
Inc_P5_6_2S1JoiningH4000_cycle_198.wav,1,0,normal,False,P5_6_2S1JoiningH4000,198
Inc_P5_6_2S1JoiningH4000_cycle_200.wav,2,0,normal,False,P5_6_2S1JoiningH4000,200
Inc_P5_6_2S1JoiningH4000_cycle_202.wav,3,0,normal,False,P5_6_2S1JoiningH4000,202
Inc_P5_6_2S1JoiningH4000_cycle_204.wav,4,0,normal,False,P5_6_2S1JoiningH4000,204
Inc_P5_6_2S1JoiningH4000_cycle_208.wav,5,0,normal,False,P5_6_2S1JoiningH4000,208
Inc_P5_6_2S1JoiningH4000_cycle_210.wav,1,0,normal,False,P5_6_2S1JoiningH4000,210
Inc_P5_6_2S1JoiningH4000_cycle_212.wav,2,0,normal,False,P5_6_2S1JoiningH4000,212
Inc_P5_6_2S1JoiningH4000_cycle_214.wav,3,0,normal,False,P5_6_2S1JoiningH4000,214
Inc_P5_6_2S1JoiningH4000_cycle_218.wav,4,0,normal,False,P5_6_2S1JoiningH4000,218
Inc_P5_6_2S1JoiningH4000_cycle_220.wav,5,0,normal,False,P5_6_2S1JoiningH4000,220
Inc_P5_6_2S1JoiningH4000_cycle_222.wav,1,0,normal,False,P5_6_2S1JoiningH4000,222
Inc_P5_6_2S1JoiningH4000_cycle_224.wav,2,0,normal,False,P5_6_2S1JoiningH4000,224
Inc_P5_6_2S1JoiningH4000_cycle_226.wav,3,0,normal,False,P5_6_2S1JoiningH4000,226
Inc_P5_6_2S1JoiningH4000_cycle_228.wav,4,0,normal,False,P5_6_2S1JoiningH4000,228
Inc_P5_6_2S1JoiningH4000_cycle_230.wav,5,0,normal,False,P5_6_2S1JoiningH4000,230
Inc_P5_6_2S1JoiningH4000_cycle_232.wav,1,0,normal,False,P5_6_2S1JoiningH4000,232
Inc_P5_6_2S1JoiningH4000_cycle_234.wav,2,0,normal,False,P5_6_2S1JoiningH4000,234
Inc_P5_6_2S1JoiningH4000_cycle_236.wav,3,0,normal,False,P5_6_2S1JoiningH4000,236
Inc_P5_6_2S1JoiningH4000_cycle_238.wav,4,0,normal,False,P5_6_2S1JoiningH4000,238
Inc_P5_6_2S1JoiningH4000_cycle_240.wav,5,0,normal,False,P5_6_2S1JoiningH4000,240
Inc_P5_6_2S1JoiningH4000_cycle_242.wav,1,0,normal,False,P5_6_2S1JoiningH4000,242
Inc_P5_6_2S1JoiningH4000_cycle_244.wav,2,0,normal,False,P5_6_2S1JoiningH4000,244
Inc_P5_6_2S1JoiningH4000_cycle_248.wav,3,0,normal,False,P5_6_2S1JoiningH4000,248
Inc_P5_6_2S1JoiningH4000_cycle_250.wav,4,0,normal,False,P5_6_2S1JoiningH4000,250
Inc_P5_6_2S1JoiningH4000_cycle_252.wav,5,0,normal,False,P5_6_2S1JoiningH4000,252
Inc_P5_6_2S1JoiningH4000_cycle_254.wav,1,0,normal,False,P5_6_2S1JoiningH4000,254
Inc_P5_6_2S1JoiningH4000_cycle_256.wav,2,0,normal,False,P5_6_2S1JoiningH4000,256
Inc_P5_6_2S1JoiningH4000_cycle_258.wav,3,0,normal,False,P5_6_2S1JoiningH4000,258
Inc_P5_6_2S1JoiningH4000_cycle_262.wav,4,0,normal,False,P5_6_2S1JoiningH4000,262
Inc_P5_6_2S1JoiningH4000_cycle_266.wav,5,0,normal,False,P5_6_2S1JoiningH4000,266
Inc_P5_6_2S1JoiningH4000_cycle_268.wav,1,0,normal,False,P5_6_2S1JoiningH4000,268
Inc_P5_6_2S1JoiningH4000_cycle_270.wav,2,0,normal,False,P5_6_2S1JoiningH4000,270
Inc_P5_6_2S1JoiningH4000_cycle_272.wav,3,0,normal,False,P5_6_2S1JoiningH4000,272
Inc_P5_6_2S1JoiningH4000_cycle_274.wav,4,0,normal,False,P5_6_2S1JoiningH4000,274
Inc_P5_6_2S1JoiningH4000_cycle_276.wav,5,0,normal,False,P5_6_2S1JoiningH4000,276
Inc_P5_6_2S1JoiningH4000_cycle_278.wav,1,0,normal,False,P5_6_2S1JoiningH4000,278
Inc_P5_6_2S1JoiningH4000_cycle_280.wav,2,0,normal,False,P5_6_2S1JoiningH4000,280
Inc_P5_6_2S1JoiningH4000_cycle_282.wav,3,0,normal,False,P5_6_2S1JoiningH4000,282
Inc_P5_6_2S1JoiningH4000_cycle_284.wav,4,0,normal,False,P5_6_2S1JoiningH4000,284
Inc_P5_6_2S1JoiningH4000_cycle_286.wav,5,0,normal,False,P5_6_2S1JoiningH4000,286
Inc_P5_6_2S1JoiningH4000_cycle_288.wav,1,0,normal,False,P5_6_2S1JoiningH4000,288
Inc_P5_6_2S1JoiningH4000_cycle_290.wav,2,0,normal,False,P5_6_2S1JoiningH4000,290
Inc_P5_6_2S1JoiningH4000_cycle_292.wav,3,0,normal,False,P5_6_2S1JoiningH4000,292
Inc_P5_6_2S1JoiningH4000_cycle_294.wav,4,0,normal,False,P5_6_2S1JoiningH4000,294
Inc_P5_6_2S1JoiningH4000_cycle_296.wav,5,0,normal,False,P5_6_2S1JoiningH4000,296
Inc_P5_6_2S1JoiningH4000_cycle_298.wav,1,0,normal,False,P5_6_2S1JoiningH4000,298
Inc_P5_6_2S1JoiningH4000_cycle_304.wav,2,0,normal,False,P5_6_2S1JoiningH4000,304
Inc_P5_6_2S1JoiningH4000_cycle_306.wav,3,0,normal,False,P5_6_2S1JoiningH4000,306
Inc_P5_6_2S1JoiningH4000_cycle_308.wav,4,0,normal,False,P5_6_2S1JoiningH4000,308
Inc_P5_6_2S1JoiningH4000_cycle_310.wav,5,0,normal,False,P5_6_2S1JoiningH4000,310
Inc_P5_6_2S1JoiningH4000_cycle_312.wav,1,0,normal,False,P5_6_2S1JoiningH4000,312
Inc_P5_6_2S1JoiningH4000_cycle_314.wav,2,0,normal,False,P5_6_2S1JoiningH4000,314
Inc_P5_6_2S1JoiningH4000_cycle_316.wav,3,0,normal,False,P5_6_2S1JoiningH4000,316
Inc_P5_6_2S1JoiningH4000_cycle_318.wav,4,0,normal,False,P5_6_2S1JoiningH4000,318
Inc_P5_6_2S1JoiningH4000_cycle_322.wav,5,0,normal,False,P5_6_2S1JoiningH4000,322
Inc_P5_6_2S1JoiningH4000_cycle_324.wav,1,0,normal,False,P5_6_2S1JoiningH4000,324
Inc_P5_6_2S1JoiningH4000_cycle_326.wav,2,0,normal,False,P5_6_2S1JoiningH4000,326
Inc_P5_6_2S1JoiningH4000_cycle_328.wav,3,0,normal,False,P5_6_2S1JoiningH4000,328
Inc_P5_6_2S1JoiningH4000_cycle_330.wav,4,0,normal,False,P5_6_2S1JoiningH4000,330
Inc_P5_6_2S1JoiningH4000_cycle_332.wav,5,0,normal,False,P5_6_2S1JoiningH4000,332
Inc_P5_6_2S1JoiningH4000_cycle_334.wav,1,0,normal,False,P5_6_2S1JoiningH4000,334
Inc_P5_6_2S1JoiningH4000_cycle_336.wav,2,0,normal,False,P5_6_2S1JoiningH4000,336
Inc_P5_6_2S1JoiningH4000_cycle_338.wav,3,0,normal,False,P5_6_2S1JoiningH4000,338
Inc_P5_6_2S1JoiningH4000_cycle_342.wav,4,0,normal,False,P5_6_2S1JoiningH4000,342
Inc_P5_6_2S1JoiningH4000_cycle_344.wav,5,0,normal,False,P5_6_2S1JoiningH4000,344
Inc_P5_6_2S1JoiningH4000_cycle_346.wav,1,0,normal,False,P5_6_2S1JoiningH4000,346
Inc_P5_6_2S1JoiningH4000_cycle_348.wav,2,0,normal,False,P5_6_2S1JoiningH4000,348
Inc_P5_6_2S1JoiningH4000_cycle_350.wav,3,0,normal,False,P5_6_2S1JoiningH4000,350
Inc_P5_6_2S1JoiningH4000_cycle_356.wav,4,0,normal,False,P5_6_2S1JoiningH4000,356
Cross_s1_p4cycle_003.wav,5,0,normal,False,unknown,3
Cross_s1_p4cycle_005.wav,1,0,normal,False,unknown,5
Cross_s1_p4cycle_007.wav,2,0,normal,False,unknown,7
Cross_s1_p4cycle_009.wav,3,0,normal,False,unknown,9
Cross_s1_p4cycle_011.wav,4,0,normal,False,unknown,11
Cross_s1_p4cycle_013.wav,5,0,normal,False,unknown,13
Cross_s1_p4cycle_015.wav,1,0,normal,False,unknown,15
Cross_s1_p4cycle_017.wav,2,0,normal,False,unknown,17
Cross_s1_p4cycle_019.wav,3,0,normal,False,unknown,19
Cross_s1_p4cycle_021.wav,4,0,normal,False,unknown,21
Cross_s1_p4cycle_023.wav,5,0,normal,False,unknown,23
Cross_s1_p4cycle_025.wav,1,0,normal,False,unknown,25
Cross_s1_p4cycle_027.wav,2,0,normal,False,unknown,27
Cross_s1_p4cycle_029.wav,3,0,normal,False,unknown,29
Cross_s1_p4cycle_031.wav,4,0,normal,False,unknown,31
Cross_s1_p4cycle_035.wav,5,0,normal,False,unknown,35
Cross_s1_p4cycle_037.wav,1,0,normal,False,unknown,37
Cross_s1_p4cycle_039.wav,2,0,normal,False,unknown,39
Cross_s1_p4cycle_041.wav,3,0,normal,False,unknown,41
Cross_s1_p4cycle_043.wav,4,0,normal,False,unknown,43
Cross_s1_p4cycle_045.wav,5,0,normal,False,unknown,45
Cross_s1_p4cycle_047.wav,1,0,normal,False,unknown,47
Cross_s1_p4cycle_049.wav,2,0,normal,False,unknown,49
Cross_s1_p4cycle_051.wav,3,0,normal,False,unknown,51
Cross_s1_p4cycle_053.wav,4,0,normal,False,unknown,53
Cross_s1_p4cycle_055.wav,5,0,normal,False,unknown,55
Cross_s1_p4cycle_057.wav,1,0,normal,False,unknown,57
Cross_s1_p4cycle_059.wav,2,0,normal,False,unknown,59
Cross_s1_p4cycle_061.wav,3,0,normal,False,unknown,61
Cross_s1_p4cycle_063.wav,4,0,normal,False,unknown,63
Cross_s1_p4cycle_065.wav,5,0,normal,False,unknown,65
Cross_s1_p4cycle_067.wav,1,0,normal,False,unknown,67
Cross_s1_p4cycle_069.wav,2,0,normal,False,unknown,69
Cross_s1_p4cycle_071.wav,3,0,normal,False,unknown,71
Cross_s1_p4cycle_073.wav,4,0,normal,False,unknown,73
Cross_s1_p4cycle_075.wav,5,0,normal,False,unknown,75
Cross_s1_p4cycle_077.wav,1,0,normal,False,unknown,77
Cross_s1_p4cycle_079.wav,2,0,normal,False,unknown,79
Cross_s1_p4cycle_081.wav,3,0,normal,False,unknown,81
Cross_s1_p4cycle_083.wav,4,0,normal,False,unknown,83
Cross_s1_p4cycle_085.wav,5,0,normal,False,unknown,85
Cross_s1_p4cycle_087.wav,1,0,normal,False,unknown,87
Cross_s1_p4cycle_089.wav,2,0,normal,False,unknown,89
Cross_s1_p4cycle_091.wav,3,0,normal,False,unknown,91
Cross_s1_p4cycle_093.wav,4,0,normal,False,unknown,93
Cross_s1_p4cycle_095.wav,5,0,normal,False,unknown,95
Cross_s1_p4cycle_097.wav,1,0,normal,False,unknown,97
Cross_s1_p4cycle_099.wav,2,0,normal,False,unknown,99
Cross_s1_p4cycle_101.wav,3,0,normal,False,unknown,101
Cross_s1_p4cycle_103.wav,4,0,normal,False,unknown,103
Cross_s1_p4cycle_105.wav,5,0,normal,False,unknown,105
Cross_s1_p4cycle_107.wav,1,0,normal,False,unknown,107
Cross_s1_p4cycle_109.wav,2,0,normal,False,unknown,109
Cross_s1_p4cycle_111.wav,3,0,normal,False,unknown,111
Cross_s1_p4cycle_113.wav,4,0,normal,False,unknown,113
Cross_s1_p4cycle_115.wav,5,0,normal,False,unknown,115
P1_2S1BottomRing2H1000_cycle_002.wav,1,0,normal,False,2S1BottomRing2H1000,2
P1_2S1BottomRing2H1000_cycle_004.wav,2,0,normal,False,2S1BottomRing2H1000,4
P1_2S1BottomRing2H1000_cycle_006.wav,3,0,normal,False,2S1BottomRing2H1000,6
P1_2S1BottomRing2H1000_cycle_008.wav,4,0,normal,False,2S1BottomRing2H1000,8
P1_2S1BottomRing2H1000_cycle_010.wav,5,0,normal,False,2S1BottomRing2H1000,10
P1_2S1BottomRing2H1000_cycle_012.wav,1,0,normal,False,2S1BottomRing2H1000,12
P1_2S1BottomRing2H1000_cycle_014.wav,2,0,normal,False,2S1BottomRing2H1000,14
P1_2S1BottomRing2H1000_cycle_016.wav,3,0,normal,False,2S1BottomRing2H1000,16
P1_2S1BottomRing2H1000_cycle_018.wav,4,0,normal,False,2S1BottomRing2H1000,18
P1_2S1BottomRing2H1000_cycle_022.wav,5,0,normal,False,2S1BottomRing2H1000,22
P1_2S1BottomRing2H1000_cycle_024.wav,1,0,normal,False,2S1BottomRing2H1000,24
P1_2S1BottomRing2H1000_cycle_026.wav,2,0,normal,False,2S1BottomRing2H1000,26
P1_2S1BottomRing2H1000_cycle_028.wav,3,0,normal,False,2S1BottomRing2H1000,28
P1_2S1BottomRing2H1000_cycle_030.wav,4,0,normal,False,2S1BottomRing2H1000,30
P1_2S1BottomRing2H1000_cycle_032.wav,5,0,normal,False,2S1BottomRing2H1000,32
P1_2S1BottomRing2H1000_cycle_034.wav,1,0,normal,False,2S1BottomRing2H1000,34
P1_2S1BottomRing2H1000_cycle_036.wav,2,0,normal,False,2S1BottomRing2H1000,36
P1_2S1BottomRing2H1000_cycle_038.wav,3,0,normal,False,2S1BottomRing2H1000,38
P1_2S1BottomRing2H1000_cycle_041.wav,4,0,normal,False,2S1BottomRing2H1000,41
P1_2S1BottomRing2H1000_cycle_043.wav,5,0,normal,False,2S1BottomRing2H1000,43
P1_2S1BottomRing2H1000_cycle_045.wav,1,0,normal,False,2S1BottomRing2H1000,45
P1_2S1BottomRing2H1000_cycle_047.wav,2,0,normal,False,2S1BottomRing2H1000,47
P1_2S1BottomRing2H1000_cycle_049.wav,3,0,normal,False,2S1BottomRing2H1000,49
P1_2S1BottomRing2H1000_cycle_051.wav,4,0,normal,False,2S1BottomRing2H1000,51
P1_2S1BottomRing2H1000_cycle_053.wav,5,0,normal,False,2S1BottomRing2H1000,53
P1_2S1BottomRing2H1000_cycle_055.wav,1,0,normal,False,2S1BottomRing2H1000,55
P1_2S1BottomRing2H1000_cycle_057.wav,2,0,normal,False,2S1BottomRing2H1000,57
P1_2S1BottomRing2H1000_cycle_059.wav,3,0,normal,False,2S1BottomRing2H1000,59
P1_2S1BottomRing2H1000_cycle_061.wav,4,0,normal,False,2S1BottomRing2H1000,61
P1_2S1BottomRing2H1000_cycle_064.wav,5,0,normal,False,2S1BottomRing2H1000,64
P1_2S1BottomRing2H1000_cycle_068.wav,1,0,normal,False,2S1BottomRing2H1000,68
P1_2S1BottomRing2H1000_cycle_070.wav,2,0,normal,False,2S1BottomRing2H1000,70
P1_2S1BottomRing2H1000_cycle_072.wav,3,0,normal,False,2S1BottomRing2H1000,72
P1_2S1BottomRing2H1000_cycle_074.wav,4,0,normal,False,2S1BottomRing2H1000,74
P1_2S1BottomRing2H1000_cycle_078.wav,5,0,normal,False,2S1BottomRing2H1000,78
P1_2S1BottomRing2H1000_cycle_080.wav,1,0,normal,False,2S1BottomRing2H1000,80
P1_2S1BottomRing2H1000_cycle_082.wav,2,0,normal,False,2S1BottomRing2H1000,82
P1_2S1BottomRing2H1000_cycle_084.wav,3,0,normal,False,2S1BottomRing2H1000,84
P1_2S1BottomRing2H1000_cycle_086.wav,4,0,normal,False,2S1BottomRing2H1000,86
P1_2S1BottomRing2H1000_cycle_088.wav,5,0,normal,False,2S1BottomRing2H1000,88
P1_2S1BottomRing2H1000_cycle_090.wav,1,0,normal,False,2S1BottomRing2H1000,90
P1_2S1BottomRing2H1000_cycle_092.wav,2,0,normal,False,2S1BottomRing2H1000,92
P1_2S1BottomRing2H1000_cycle_094.wav,3,0,normal,False,2S1BottomRing2H1000,94
P1_2S1BottomRing2H1000_cycle_096.wav,4,0,normal,False,2S1BottomRing2H1000,96
P1_2S1BottomRing2H1000_cycle_098.wav,5,0,normal,False,2S1BottomRing2H1000,98
P1_2S1BottomRing2H1000_cycle_100.wav,1,0,normal,False,2S1BottomRing2H1000,100
P1_2S1BottomRing2H1000_cycle_104.wav,2,0,normal,False,2S1BottomRing2H1000,104
P1_2S1BottomRing2H1000_cycle_108.wav,3,0,normal,False,2S1BottomRing2H1000,108
P1_2S1BottomRing2H1000_cycle_110.wav,4,0,normal,False,2S1BottomRing2H1000,110
P1_2S1BottomRing2H1000_cycle_112.wav,5,0,normal,False,2S1BottomRing2H1000,112
P1_2S1BottomRing2H1000_cycle_114.wav,1,0,normal,False,2S1BottomRing2H1000,114
P1_2S1BottomRing2H1000_cycle_116.wav,2,0,normal,False,2S1BottomRing2H1000,116
P1_2S1BottomRing2H1000_cycle_118.wav,3,0,normal,False,2S1BottomRing2H1000,118
P1_2S1BottomRing2H1000_cycle_122.wav,4,0,normal,False,2S1BottomRing2H1000,122
P1_2S1BottomRing2H1000_cycle_124.wav,5,0,normal,False,2S1BottomRing2H1000,124
P1_2S1BottomRing2H1000_cycle_126.wav,1,0,normal,False,2S1BottomRing2H1000,126
P1_2S1BottomRing2H1000_cycle_128.wav,2,0,normal,False,2S1BottomRing2H1000,128
P1_2S1BottomRing2H1000_cycle_130.wav,3,0,normal,False,2S1BottomRing2H1000,130
P1_2S1BottomRing2H1000_cycle_132.wav,4,0,normal,False,2S1BottomRing2H1000,132
P1_2S1BottomRing2H1000_cycle_134.wav,5,0,normal,False,2S1BottomRing2H1000,134
P1_2S1BottomRing2H1000_cycle_136.wav,1,0,normal,False,2S1BottomRing2H1000,136
P1_2S1BottomRing2H1000_cycle_138.wav,2,0,normal,False,2S1BottomRing2H1000,138
P1_2S1BottomRing2H1000_cycle_140.wav,3,0,normal,False,2S1BottomRing2H1000,140
P1_2S1BottomRing2H1000_cycle_142.wav,4,0,normal,False,2S1BottomRing2H1000,142
P1_2S1BottomRing2H1000_cycle_144.wav,5,0,normal,False,2S1BottomRing2H1000,144
P1_2S1BottomRing2H1000_cycle_146.wav,1,0,normal,False,2S1BottomRing2H1000,146
P1_2S1BottomRing2H1000_cycle_148.wav,2,0,normal,False,2S1BottomRing2H1000,148
P1_2S1BottomRing2H1000_cycle_150.wav,3,0,normal,False,2S1BottomRing2H1000,150
P1_2S1BottomRing2H1000_cycle_152.wav,4,0,normal,False,2S1BottomRing2H1000,152
P1_2S1BottomRing2H1000_cycle_154.wav,5,0,normal,False,2S1BottomRing2H1000,154
P1_2S1BottomRing2H1000_cycle_158.wav,1,0,normal,False,2S1BottomRing2H1000,158
P1_2S1BottomRing2H1000_cycle_160.wav,2,0,normal,False,2S1BottomRing2H1000,160
P1_2S1BottomRing2H1000_cycle_162.wav,3,0,normal,False,2S1BottomRing2H1000,162
P1_2S1BottomRing2H1000_cycle_166.wav,4,0,normal,False,2S1BottomRing2H1000,166
P1_2S1BottomRing2H1000_cycle_168.wav,5,0,normal,False,2S1BottomRing2H1000,168
P1_2S1BottomRing2H1000_cycle_172.wav,1,0,normal,False,2S1BottomRing2H1000,172
P1_2S1BottomRing2H1000_cycle_174.wav,2,0,normal,False,2S1BottomRing2H1000,174
P1_2S1BottomRing2H1000_cycle_176.wav,3,0,normal,False,2S1BottomRing2H1000,176
P1_2S1BottomRing2H1000_cycle_178.wav,4,0,normal,False,2S1BottomRing2H1000,178
P1_2S1BottomRing2H1000_cycle_180.wav,5,0,normal,False,2S1BottomRing2H1000,180
P1_2S1BottomRing2H1000_cycle_182.wav,1,0,normal,False,2S1BottomRing2H1000,182
P1_2S1BottomRing2H1000_cycle_184.wav,2,0,normal,False,2S1BottomRing2H1000,184
P1_2S1BottomRing2H1000_cycle_186.wav,3,0,normal,False,2S1BottomRing2H1000,186
P1_2S1BottomRing2H1000_cycle_190.wav,4,0,normal,False,2S1BottomRing2H1000,190
P1_2S1BottomRing2H1000_cycle_192.wav,5,0,normal,False,2S1BottomRing2H1000,192
P1_2S1BottomRing2H1000_cycle_194.wav,1,0,normal,False,2S1BottomRing2H1000,194
P1_2S1BottomRing2H1000_cycle_196.wav,2,0,normal,False,2S1BottomRing2H1000,196
P1_2S1BottomRing2H1000_cycle_198.wav,3,0,normal,False,2S1BottomRing2H1000,198
P1_2S1BottomRing2H1000_cycle_200.wav,4,0,normal,False,2S1BottomRing2H1000,200
P1_2S1BottomRing2H1000_cycle_202.wav,5,0,normal,False,2S1BottomRing2H1000,202
P1_2S1BottomRing2H1000_cycle_204.wav,1,0,normal,False,2S1BottomRing2H1000,204
P1_2S1BottomRing2H1000_cycle_206.wav,2,0,normal,False,2S1BottomRing2H1000,206
P1_2S1BottomRing2H1000_cycle_208.wav,3,0,normal,False,2S1BottomRing2H1000,208
P1_2S1BottomRing2H1000_cycle_210.wav,4,0,normal,False,2S1BottomRing2H1000,210
P1_2S1BottomRing2H1000_cycle_212.wav,5,0,normal,False,2S1BottomRing2H1000,212
P1_2S1BottomRing2H1000_cycle_214.wav,1,0,normal,False,2S1BottomRing2H1000,214
P1_2S1BottomRing2H1000_cycle_216.wav,2,0,normal,False,2S1BottomRing2H1000,216
P1_2S1BottomRing2H1000_cycle_220.wav,3,0,normal,False,2S1BottomRing2H1000,220
P5_6_2S1JoiningH1000_cycle_002.wav,4,0,normal,False,6_2S1JoiningH1000,2
P5_6_2S1JoiningH1000_cycle_004.wav,5,0,normal,False,6_2S1JoiningH1000,4
P5_6_2S1JoiningH1000_cycle_006.wav,1,0,normal,False,6_2S1JoiningH1000,6
P5_6_2S1JoiningH1000_cycle_008.wav,2,0,normal,False,6_2S1JoiningH1000,8
P5_6_2S1JoiningH1000_cycle_010.wav,3,0,normal,False,6_2S1JoiningH1000,10
P5_6_2S1JoiningH1000_cycle_012.wav,4,0,normal,False,6_2S1JoiningH1000,12
P5_6_2S1JoiningH1000_cycle_014.wav,5,0,normal,False,6_2S1JoiningH1000,14
P5_6_2S1JoiningH1000_cycle_016.wav,1,0,normal,False,6_2S1JoiningH1000,16
P5_6_2S1JoiningH1000_cycle_020.wav,2,0,normal,False,6_2S1JoiningH1000,20
P5_6_2S1JoiningH1000_cycle_022.wav,3,0,normal,False,6_2S1JoiningH1000,22
P5_6_2S1JoiningH1000_cycle_024.wav,4,0,normal,False,6_2S1JoiningH1000,24
P5_6_2S1JoiningH1000_cycle_026.wav,5,0,normal,False,6_2S1JoiningH1000,26
P5_6_2S1JoiningH1000_cycle_028.wav,1,0,normal,False,6_2S1JoiningH1000,28
P5_6_2S1JoiningH1000_cycle_032.wav,2,0,normal,False,6_2S1JoiningH1000,32
P5_6_2S1JoiningH1000_cycle_034.wav,3,0,normal,False,6_2S1JoiningH1000,34
P5_6_2S1JoiningH1000_cycle_038.wav,4,0,normal,False,6_2S1JoiningH1000,38
P5_6_2S1JoiningH1000_cycle_040.wav,5,0,normal,False,6_2S1JoiningH1000,40
P5_6_2S1JoiningH1000_cycle_042.wav,1,0,normal,False,6_2S1JoiningH1000,42
P5_6_2S1JoiningH1000_cycle_044.wav,2,0,normal,False,6_2S1JoiningH1000,44
P5_6_2S1JoiningH1000_cycle_046.wav,3,0,normal,False,6_2S1JoiningH1000,46
P5_6_2S1JoiningH1000_cycle_048.wav,4,0,normal,False,6_2S1JoiningH1000,48
P5_6_2S1JoiningH1000_cycle_050.wav,5,0,normal,False,6_2S1JoiningH1000,50
P5_6_2S1JoiningH1000_cycle_052.wav,1,0,normal,False,6_2S1JoiningH1000,52
P5_6_2S1JoiningH1000_cycle_054.wav,2,0,normal,False,6_2S1JoiningH1000,54
P5_6_2S1JoiningH1000_cycle_056.wav,3,0,normal,False,6_2S1JoiningH1000,56
P5_6_2S1JoiningH1000_cycle_058.wav,4,0,normal,False,6_2S1JoiningH1000,58
P5_6_2S1JoiningH1000_cycle_060.wav,5,0,normal,False,6_2S1JoiningH1000,60
P5_6_2S1JoiningH1000_cycle_062.wav,1,0,normal,False,6_2S1JoiningH1000,62
P5_6_2S1JoiningH1000_cycle_064.wav,2,0,normal,False,6_2S1JoiningH1000,64
P5_6_2S1JoiningH1000_cycle_066.wav,3,0,normal,False,6_2S1JoiningH1000,66
P5_6_2S1JoiningH1000_cycle_068.wav,4,0,normal,False,6_2S1JoiningH1000,68
P5_6_2S1JoiningH1000_cycle_070.wav,5,0,normal,False,6_2S1JoiningH1000,70
P5_6_2S1JoiningH1000_cycle_072.wav,1,0,normal,False,6_2S1JoiningH1000,72
P5_6_2S1JoiningH1000_cycle_076.wav,2,0,normal,False,6_2S1JoiningH1000,76
P5_6_2S1JoiningH1000_cycle_080.wav,3,0,normal,False,6_2S1JoiningH1000,80
P5_6_2S1JoiningH1000_cycle_082.wav,4,0,normal,False,6_2S1JoiningH1000,82
P5_6_2S1JoiningH1000_cycle_084.wav,5,0,normal,False,6_2S1JoiningH1000,84
P5_6_2S1JoiningH1000_cycle_086.wav,1,0,normal,False,6_2S1JoiningH1000,86
P5_6_2S1JoiningH1000_cycle_088.wav,2,0,normal,False,6_2S1JoiningH1000,88
P5_6_2S1JoiningH1000_cycle_090.wav,3,0,normal,False,6_2S1JoiningH1000,90
P5_6_2S1JoiningH1000_cycle_092.wav,4,0,normal,False,6_2S1JoiningH1000,92
P5_6_2S1JoiningH1000_cycle_094.wav,5,0,normal,False,6_2S1JoiningH1000,94
P5_6_2S1JoiningH1000_cycle_096.wav,1,0,normal,False,6_2S1JoiningH1000,96
P5_6_2S1JoiningH1000_cycle_098.wav,2,0,normal,False,6_2S1JoiningH1000,98
P5_6_2S1JoiningH1000_cycle_100.wav,3,0,normal,False,6_2S1JoiningH1000,100
P5_6_2S1JoiningH1000_cycle_102.wav,4,0,normal,False,6_2S1JoiningH1000,102
P5_6_2S1JoiningH1000_cycle_104.wav,5,0,normal,False,6_2S1JoiningH1000,104
P5_6_2S1JoiningH1000_cycle_106.wav,1,0,normal,False,6_2S1JoiningH1000,106
P5_6_2S1JoiningH1000_cycle_108.wav,2,0,normal,False,6_2S1JoiningH1000,108
P5_6_2S1JoiningH1000_cycle_110.wav,3,0,normal,False,6_2S1JoiningH1000,110
P5_6_2S1JoiningH1000_cycle_112.wav,4,0,normal,False,6_2S1JoiningH1000,112
P5_6_2S1JoiningH1000_cycle_114.wav,5,0,normal,False,6_2S1JoiningH1000,114
P5_6_2S1JoiningH1000_cycle_116.wav,1,0,normal,False,6_2S1JoiningH1000,116
P5_6_2S1JoiningH1000_cycle_118.wav,2,0,normal,False,6_2S1JoiningH1000,118
P5_6_2S1JoiningH1000_cycle_120.wav,3,0,normal,False,6_2S1JoiningH1000,120
P5_6_2S1JoiningH1000_cycle_122.wav,4,0,normal,False,6_2S1JoiningH1000,122
P5_6_2S1JoiningH1000_cycle_124.wav,5,0,normal,False,6_2S1JoiningH1000,124
P5_6_2S1JoiningH1000_cycle_126.wav,1,0,normal,False,6_2S1JoiningH1000,126
P5_6_2S1JoiningH1000_cycle_128.wav,2,0,normal,False,6_2S1JoiningH1000,128
P5_6_2S1JoiningH1000_cycle_130.wav,3,0,normal,False,6_2S1JoiningH1000,130
P5_6_2S1JoiningH1000_cycle_132.wav,4,0,normal,False,6_2S1JoiningH1000,132
P5_6_2S1JoiningH1000_cycle_134.wav,5,0,normal,False,6_2S1JoiningH1000,134
P5_6_2S1JoiningH1000_cycle_136.wav,1,0,normal,False,6_2S1JoiningH1000,136
P5_6_2S1JoiningH1000_cycle_140.wav,2,0,normal,False,6_2S1JoiningH1000,140
P5_6_2S1JoiningH1000_cycle_142.wav,3,0,normal,False,6_2S1JoiningH1000,142
P5_6_2S1JoiningH1000_cycle_144.wav,4,0,normal,False,6_2S1JoiningH1000,144
P5_6_2S1JoiningH1000_cycle_146.wav,5,0,normal,False,6_2S1JoiningH1000,146
P5_6_2S1JoiningH1000_cycle_148.wav,1,0,normal,False,6_2S1JoiningH1000,148
P5_6_2S1JoiningH1000_cycle_150.wav,2,0,normal,False,6_2S1JoiningH1000,150
P5_6_2S1JoiningH1000_cycle_152.wav,3,0,normal,False,6_2S1JoiningH1000,152
P5_6_2S1JoiningH1000_cycle_154.wav,4,0,normal,False,6_2S1JoiningH1000,154
P5_6_2S1JoiningH1000_cycle_156.wav,5,0,normal,False,6_2S1JoiningH1000,156
P5_6_2S1JoiningH1000_cycle_158.wav,1,0,normal,False,6_2S1JoiningH1000,158
P5_6_2S1JoiningH1000_cycle_160.wav,2,0,normal,False,6_2S1JoiningH1000,160
P5_6_2S1JoiningH1000_cycle_162.wav,3,0,normal,False,6_2S1JoiningH1000,162
P5_6_2S1JoiningH1000_cycle_164.wav,4,0,normal,False,6_2S1JoiningH1000,164
P5_6_2S1JoiningH1000_cycle_166.wav,5,0,normal,False,6_2S1JoiningH1000,166
P5_6_2S1JoiningH1000_cycle_168.wav,1,0,normal,False,6_2S1JoiningH1000,168
P5_6_2S1JoiningH1000_cycle_170.wav,2,0,normal,False,6_2S1JoiningH1000,170
P5_6_2S1JoiningH1000_cycle_172.wav,3,0,normal,False,6_2S1JoiningH1000,172
P5_6_2S1JoiningH1000_cycle_174.wav,4,0,normal,False,6_2S1JoiningH1000,174
P5_6_2S1JoiningH1000_cycle_176.wav,5,0,normal,False,6_2S1JoiningH1000,176
P5_6_2S1JoiningH1000_cycle_178.wav,1,0,normal,False,6_2S1JoiningH1000,178
P5_6_2S1JoiningH1000_cycle_180.wav,2,0,normal,False,6_2S1JoiningH1000,180
P5_6_2S1JoiningH1000_cycle_182.wav,3,0,normal,False,6_2S1JoiningH1000,182
P5_6_2S1JoiningH1000_cycle_184.wav,4,0,normal,False,6_2S1JoiningH1000,184
P5_6_2S1JoiningH1000_cycle_186.wav,5,0,normal,False,6_2S1JoiningH1000,186
P5_6_2S1JoiningH1000_cycle_188.wav,1,0,normal,False,6_2S1JoiningH1000,188
P5_6_2S1JoiningH1000_cycle_190.wav,2,0,normal,False,6_2S1JoiningH1000,190
P5_6_2S1JoiningH1000_cycle_192.wav,3,0,normal,False,6_2S1JoiningH1000,192
P5_6_2S1JoiningH1000_cycle_194.wav,4,0,normal,False,6_2S1JoiningH1000,194
P5_6_2S1JoiningH1000_cycle_196.wav,5,0,normal,False,6_2S1JoiningH1000,196
P5_6_2S1JoiningH1000_cycle_198.wav,1,0,normal,False,6_2S1JoiningH1000,198
P5_6_2S1JoiningH1000_cycle_200.wav,2,0,normal,False,6_2S1JoiningH1000,200
P5_6_2S1JoiningH1000_cycle_202.wav,3,0,normal,False,6_2S1JoiningH1000,202
P5_6_2S1JoiningH1000_cycle_204.wav,4,0,normal,False,6_2S1JoiningH1000,204
P5_6_2S1JoiningH1000_cycle_208.wav,5,0,normal,False,6_2S1JoiningH1000,208
P5_6_2S1JoiningH1000_cycle_210.wav,1,0,normal,False,6_2S1JoiningH1000,210
P5_6_2S1JoiningH1000_cycle_212.wav,2,0,normal,False,6_2S1JoiningH1000,212
P5_6_2S1JoiningH1000_cycle_214.wav,3,0,normal,False,6_2S1JoiningH1000,214
P5_6_2S1JoiningH1000_cycle_218.wav,4,0,normal,False,6_2S1JoiningH1000,218
P5_6_2S1JoiningH1000_cycle_220.wav,5,0,normal,False,6_2S1JoiningH1000,220
P5_6_2S1JoiningH1000_cycle_222.wav,1,0,normal,False,6_2S1JoiningH1000,222
P5_6_2S1JoiningH1000_cycle_224.wav,2,0,normal,False,6_2S1JoiningH1000,224
P5_6_2S1JoiningH1000_cycle_226.wav,3,0,normal,False,6_2S1JoiningH1000,226
P5_6_2S1JoiningH1000_cycle_228.wav,4,0,normal,False,6_2S1JoiningH1000,228
P5_6_2S1JoiningH1000_cycle_230.wav,5,0,normal,False,6_2S1JoiningH1000,230
P5_6_2S1JoiningH1000_cycle_232.wav,1,0,normal,False,6_2S1JoiningH1000,232
P5_6_2S1JoiningH1000_cycle_234.wav,2,0,normal,False,6_2S1JoiningH1000,234
P5_6_2S1JoiningH1000_cycle_236.wav,3,0,normal,False,6_2S1JoiningH1000,236
P5_6_2S1JoiningH1000_cycle_238.wav,4,0,normal,False,6_2S1JoiningH1000,238
P5_6_2S1JoiningH1000_cycle_240.wav,5,0,normal,False,6_2S1JoiningH1000,240
P5_6_2S1JoiningH1000_cycle_242.wav,1,0,normal,False,6_2S1JoiningH1000,242
P5_6_2S1JoiningH1000_cycle_244.wav,2,0,normal,False,6_2S1JoiningH1000,244
P5_6_2S1JoiningH1000_cycle_248.wav,3,0,normal,False,6_2S1JoiningH1000,248
P5_6_2S1JoiningH1000_cycle_250.wav,4,0,normal,False,6_2S1JoiningH1000,250
P5_6_2S1JoiningH1000_cycle_252.wav,5,0,normal,False,6_2S1JoiningH1000,252
P5_6_2S1JoiningH1000_cycle_254.wav,1,0,normal,False,6_2S1JoiningH1000,254
P5_6_2S1JoiningH1000_cycle_256.wav,2,0,normal,False,6_2S1JoiningH1000,256
P5_6_2S1JoiningH1000_cycle_258.wav,3,0,normal,False,6_2S1JoiningH1000,258
P5_6_2S1JoiningH1000_cycle_262.wav,4,0,normal,False,6_2S1JoiningH1000,262
P5_6_2S1JoiningH1000_cycle_266.wav,5,0,normal,False,6_2S1JoiningH1000,266
P5_6_2S1JoiningH1000_cycle_268.wav,1,0,normal,False,6_2S1JoiningH1000,268
P5_6_2S1JoiningH1000_cycle_270.wav,2,0,normal,False,6_2S1JoiningH1000,270
P5_6_2S1JoiningH1000_cycle_272.wav,3,0,normal,False,6_2S1JoiningH1000,272
P5_6_2S1JoiningH1000_cycle_274.wav,4,0,normal,False,6_2S1JoiningH1000,274
P5_6_2S1JoiningH1000_cycle_276.wav,5,0,normal,False,6_2S1JoiningH1000,276
P5_6_2S1JoiningH1000_cycle_278.wav,1,0,normal,False,6_2S1JoiningH1000,278
P5_6_2S1JoiningH1000_cycle_280.wav,2,0,normal,False,6_2S1JoiningH1000,280
P5_6_2S1JoiningH1000_cycle_282.wav,3,0,normal,False,6_2S1JoiningH1000,282
P5_6_2S1JoiningH1000_cycle_284.wav,4,0,normal,False,6_2S1JoiningH1000,284
P5_6_2S1JoiningH1000_cycle_286.wav,5,0,normal,False,6_2S1JoiningH1000,286
P5_6_2S1JoiningH1000_cycle_288.wav,1,0,normal,False,6_2S1JoiningH1000,288
P5_6_2S1JoiningH1000_cycle_290.wav,2,0,normal,False,6_2S1JoiningH1000,290
P5_6_2S1JoiningH1000_cycle_292.wav,3,0,normal,False,6_2S1JoiningH1000,292
P5_6_2S1JoiningH1000_cycle_294.wav,4,0,normal,False,6_2S1JoiningH1000,294
P5_6_2S1JoiningH1000_cycle_296.wav,5,0,normal,False,6_2S1JoiningH1000,296
P5_6_2S1JoiningH1000_cycle_298.wav,1,0,normal,False,6_2S1JoiningH1000,298
P5_6_2S1JoiningH1000_cycle_304.wav,2,0,normal,False,6_2S1JoiningH1000,304
P5_6_2S1JoiningH1000_cycle_306.wav,3,0,normal,False,6_2S1JoiningH1000,306
P5_6_2S1JoiningH1000_cycle_308.wav,4,0,normal,False,6_2S1JoiningH1000,308
P5_6_2S1JoiningH1000_cycle_310.wav,5,0,normal,False,6_2S1JoiningH1000,310
P5_6_2S1JoiningH1000_cycle_312.wav,1,0,normal,False,6_2S1JoiningH1000,312
P5_6_2S1JoiningH1000_cycle_314.wav,2,0,normal,False,6_2S1JoiningH1000,314
P5_6_2S1JoiningH1000_cycle_316.wav,3,0,normal,False,6_2S1JoiningH1000,316
P5_6_2S1JoiningH1000_cycle_318.wav,4,0,normal,False,6_2S1JoiningH1000,318
P5_6_2S1JoiningH1000_cycle_322.wav,5,0,normal,False,6_2S1JoiningH1000,322
P5_6_2S1JoiningH1000_cycle_324.wav,1,0,normal,False,6_2S1JoiningH1000,324
P5_6_2S1JoiningH1000_cycle_326.wav,2,0,normal,False,6_2S1JoiningH1000,326
P5_6_2S1JoiningH1000_cycle_328.wav,3,0,normal,False,6_2S1JoiningH1000,328
P5_6_2S1JoiningH1000_cycle_330.wav,4,0,normal,False,6_2S1JoiningH1000,330
P5_6_2S1JoiningH1000_cycle_332.wav,5,0,normal,False,6_2S1JoiningH1000,332
P5_6_2S1JoiningH1000_cycle_334.wav,1,0,normal,False,6_2S1JoiningH1000,334
P5_6_2S1JoiningH1000_cycle_336.wav,2,0,normal,False,6_2S1JoiningH1000,336
P5_6_2S1JoiningH1000_cycle_338.wav,3,0,normal,False,6_2S1JoiningH1000,338
P5_6_2S1JoiningH1000_cycle_342.wav,4,0,normal,False,6_2S1JoiningH1000,342
P5_6_2S1JoiningH1000_cycle_344.wav,5,0,normal,False,6_2S1JoiningH1000,344
P5_6_2S1JoiningH1000_cycle_346.wav,1,0,normal,False,6_2S1JoiningH1000,346
P5_6_2S1JoiningH1000_cycle_348.wav,2,0,normal,False,6_2S1JoiningH1000,348
P5_6_2S1JoiningH1000_cycle_350.wav,3,0,normal,False,6_2S1JoiningH1000,350
P5_6_2S1JoiningH1000_cycle_356.wav,4,0,normal,False,6_2S1JoiningH1000,356
P5_6_2S1JoiningH1000_cycle_361.wav,5,0,normal,False,6_2S1JoiningH1000,361
P5_6_2S1JoiningH1000_cycle_363.wav,1,0,normal,False,6_2S1JoiningH1000,363
P5_6_2S1JoiningH1000_cycle_365.wav,2,0,normal,False,6_2S1JoiningH1000,365
P5_6_2S1JoiningH1000_cycle_367.wav,3,0,normal,False,6_2S1JoiningH1000,367
P5_6_2S1JoiningH1000_cycle_371.wav,4,0,normal,False,6_2S1JoiningH1000,371
P5_6_2S1JoiningH1000_cycle_373.wav,5,0,normal,False,6_2S1JoiningH1000,373
P5_6_2S1JoiningH1000_cycle_375.wav,1,0,normal,False,6_2S1JoiningH1000,375
P5_6_2S1JoiningH1000_cycle_377.wav,2,0,normal,False,6_2S1JoiningH1000,377
P5_6_2S1JoiningH1000_cycle_379.wav,3,0,normal,False,6_2S1JoiningH1000,379
P5_6_2S1JoiningH1000_cycle_383.wav,4,0,normal,False,6_2S1JoiningH1000,383
P5_6_2S1JoiningH1000_cycle_385.wav,5,0,normal,False,6_2S1JoiningH1000,385
P5_6_2S1JoiningH1000_cycle_387.wav,1,0,normal,False,6_2S1JoiningH1000,387
P5_6_2S1JoiningH1000_cycle_389.wav,2,0,normal,False,6_2S1JoiningH1000,389
P5_6_2S1JoiningH1000_cycle_391.wav,3,0,normal,False,6_2S1JoiningH1000,391
P5_6_2S1JoiningH1000_cycle_393.wav,4,0,normal,False,6_2S1JoiningH1000,393
P5_6_2S1JoiningH1000_cycle_395.wav,5,0,normal,False,6_2S1JoiningH1000,395
P5_6_2S1JoiningH1000_cycle_397.wav,1,0,normal,False,6_2S1JoiningH1000,397
P5_6_2S1JoiningH1000_cycle_401.wav,2,0,normal,False,6_2S1JoiningH1000,401
P5_6_2S1JoiningH1000_cycle_403.wav,3,0,normal,False,6_2S1JoiningH1000,403
P5_6_2S1JoiningH1000_cycle_405.wav,4,0,normal,False,6_2S1JoiningH1000,405
P5_6_2S1JoiningH1000_cycle_407.wav,5,0,normal,False,6_2S1JoiningH1000,407
P5_6_2S1JoiningH1000_cycle_409.wav,1,0,normal,False,6_2S1JoiningH1000,409
P5_6_2S1JoiningH1000_cycle_411.wav,2,0,normal,False,6_2S1JoiningH1000,411
P5_6_2S1JoiningH1000_cycle_415.wav,3,0,normal,False,6_2S1JoiningH1000,415
P5_6_2S1JoiningH1000_cycle_417.wav,4,0,normal,False,6_2S1JoiningH1000,417
P5_6_2S1JoiningH1000_cycle_419.wav,5,0,normal,False,6_2S1JoiningH1000,419
P5_6_2S1JoiningH1000_cycle_421.wav,1,0,normal,False,6_2S1JoiningH1000,421
P5_6_2S1JoiningH1000_cycle_423.wav,2,0,normal,False,6_2S1JoiningH1000,423
P5_6_2S1JoiningH1000_cycle_425.wav,3,0,normal,False,6_2S1JoiningH1000,425
P5_6_2S1JoiningH1000_cycle_427.wav,4,0,normal,False,6_2S1JoiningH1000,427
P5_6_2S1JoiningH1000_cycle_429.wav,5,0,normal,False,6_2S1JoiningH1000,429
P5_6_2S1JoiningH1000_cycle_431.wav,1,0,normal,False,6_2S1JoiningH1000,431
P5_6_2S1JoiningH1000_cycle_433.wav,2,0,normal,False,6_2S1JoiningH1000,433
P5_6_2S1JoiningH1000_cycle_435.wav,3,0,normal,False,6_2S1JoiningH1000,435
P5_6_2S1JoiningH1000_cycle_437.wav,4,0,normal,False,6_2S1JoiningH1000,437
P5_6_2S1JoiningH1000_cycle_439.wav,5,0,normal,False,6_2S1JoiningH1000,439
P5_6_2S1JoiningH1000_cycle_441.wav,1,0,normal,False,6_2S1JoiningH1000,441
P5_6_2S1JoiningH1000_cycle_443.wav,2,0,normal,False,6_2S1JoiningH1000,443
P5_6_2S1JoiningH1000_cycle_445.wav,3,0,normal,False,6_2S1JoiningH1000,445
P5_6_2S1JoiningH1000_cycle_447.wav,4,0,normal,False,6_2S1JoiningH1000,447
P5_6_2S1JoiningH1000_cycle_449.wav,5,0,normal,False,6_2S1JoiningH1000,449
P5_6_2S1JoiningH1000_cycle_451.wav,1,0,normal,False,6_2S1JoiningH1000,451
P5_6_2S1JoiningH1000_cycle_453.wav,2,0,normal,False,6_2S1JoiningH1000,453
P5_6_2S1JoiningH1000_cycle_455.wav,3,0,normal,False,6_2S1JoiningH1000,455
P5_6_2S1JoiningH1000_cycle_459.wav,4,0,normal,False,6_2S1JoiningH1000,459
P5_6_2S1JoiningH1000_cycle_461.wav,5,0,normal,False,6_2S1JoiningH1000,461
P5_6_2S1JoiningH1000_cycle_467.wav,1,0,normal,False,6_2S1JoiningH1000,467
P5_6_2S1JoiningH1000_cycle_469.wav,2,0,normal,False,6_2S1JoiningH1000,469
P5_6_2S1JoiningH1000_cycle_471.wav,3,0,normal,False,6_2S1JoiningH1000,471
P5_6_2S1JoiningH1000_cycle_473.wav,4,0,normal,False,6_2S1JoiningH1000,473
